OBJECTID_12,Join_Count,TARGET_FID,CT20,LABEL,NAME,SUP_NAME,DIST_SUP,CITYNAME_ALF,NAME_1,JURISDICTION,AREA_NUM,AREA_NAME,Shape__Area,Shape__Length
640,2,640,211000,2110,2ND SUP. DISTRICT,2ND DISTRICT: HOLLY MITCHELL,2,LOS ANGELES,,INCORPORATED CITY,5,Westside Planning Area,3881413.387,9270.888577
641,2,641,211121,2111.21,2ND SUP. DISTRICT,2ND DISTRICT: HOLLY MITCHELL,2,LOS ANGELES,,INCORPORATED CITY,9,Metro Planning Area,312574.5078,2799.117227
642,3,642,211122,2111.22,2ND SUP. DISTRICT,2ND DISTRICT: HOLLY MITCHELL,2,LOS ANGELES,,INCORPORATED CITY,9,Metro Planning Area,534121.8203,3050.487937
643,2,643,211123,2111.23,2ND SUP. DISTRICT,2ND DISTRICT: HOLLY MITCHELL,2,LOS ANGELES,,INCORPORATED CITY,9,Metro Planning Area,251302.1875,2501.035059
644,2,644,211124,2111.24,2ND SUP. DISTRICT,2ND DISTRICT: HOLLY MITCHELL,2,LOS ANGELES,,INCORPORATED CITY,9,Metro Planning Area,577117.6992,3012.923477
645,2,645,211201,2112.01,2ND SUP. DISTRICT,2ND DISTRICT: HOLLY MITCHELL,2,LOS ANGELES,,INCORPORATED CITY,9,Metro Planning Area,203642.6563,1811.419313
646,3,646,211202,2112.02,2ND SUP. DISTRICT,2ND DISTRICT: HOLLY MITCHELL,2,LOS ANGELES,,INCORPORATED CITY,9,Metro Planning Area,261796.4688,2048.091994
647,1,647,211310,2113.1,2ND SUP. DISTRICT,2ND DISTRICT: HOLLY MITCHELL,2,LOS ANGELES,,INCORPORATED CITY,9,Metro Planning Area,210302.8281,1841.910789
648,1,648,211320,2113.2,2ND SUP. DISTRICT,2ND DISTRICT: HOLLY MITCHELL,2,LOS ANGELES,,INCORPORATED CITY,9,Metro Planning Area,272154.6016,2090.392142
649,2,649,211410,2114.1,2ND SUP. DISTRICT,2ND DISTRICT: HOLLY MITCHELL,2,LOS ANGELES,,INCORPORATED CITY,5,Metro Planning Area,395662.2578,2766.191348
650,2,650,211420,2114.2,2ND SUP. DISTRICT,2ND DISTRICT: HOLLY MITCHELL,2,LOS ANGELES,,INCORPORATED CITY,9,Metro Planning Area,556809.3242,3094.375783
651,2,651,211500,2115,2ND SUP. DISTRICT,2ND DISTRICT: HOLLY MITCHELL,2,LOS ANGELES,,INCORPORATED CITY,5,Westside Planning Area,1328208.363,4826.37001
652,1,652,211701,2117.01,2ND SUP. DISTRICT,2ND DISTRICT: HOLLY MITCHELL,2,LOS ANGELES,,INCORPORATED CITY,5,Westside Planning Area,951780.1641,3881.759259
653,1,653,211703,2117.03,2ND SUP. DISTRICT,2ND DISTRICT: HOLLY MITCHELL,2,LOS ANGELES,,INCORPORATED CITY,5,Westside Planning Area,268969.3086,2098.702613
654,1,654,211704,2117.04,2ND SUP. DISTRICT,2ND DISTRICT: HOLLY MITCHELL,2,LOS ANGELES,,INCORPORATED CITY,5,Westside Planning Area,270170.1289,2117.091946
655,1,655,211802,2118.02,2ND SUP. DISTRICT,2ND DISTRICT: HOLLY MITCHELL,2,LOS ANGELES,,INCORPORATED CITY,5,Metro Planning Area,475371.5742,2922.302078
656,1,656,211803,2118.03,2ND SUP. DISTRICT,2ND DISTRICT: HOLLY MITCHELL,2,LOS ANGELES,,INCORPORATED CITY,9,Metro Planning Area,203840.668,1811.384809
657,1,657,211804,2118.04,2ND SUP. DISTRICT,2ND DISTRICT: HOLLY MITCHELL,2,LOS ANGELES,,INCORPORATED CITY,5,Metro Planning Area,271673.4805,2089.379659
658,1,658,211910,2119.1,2ND SUP. DISTRICT,2ND DISTRICT: HOLLY MITCHELL,2,LOS ANGELES,,INCORPORATED CITY,9,Metro Planning Area,201558.2969,1802.024879
659,1,659,211921,2119.21,2ND SUP. DISTRICT,2ND DISTRICT: HOLLY MITCHELL,2,LOS ANGELES,,INCORPORATED CITY,9,Metro Planning Area,135377.7617,1530.663543
660,1,660,211922,2119.22,2ND SUP. DISTRICT,2ND DISTRICT: HOLLY MITCHELL,2,LOS ANGELES,,INCORPORATED CITY,9,Metro Planning Area,135711.7148,1531.840503
661,1,661,212101,2121.01,2ND SUP. DISTRICT,2ND DISTRICT: HOLLY MITCHELL,2,LOS ANGELES,,INCORPORATED CITY,9,Metro Planning Area,271382.1328,2088.527632
662,1,662,212102,2121.02,2ND SUP. DISTRICT,2ND DISTRICT: HOLLY MITCHELL,2,LOS ANGELES,,INCORPORATED CITY,9,Metro Planning Area,202555.1094,1806.453264
663,2,663,212202,2122.02,2ND SUP. DISTRICT,2ND DISTRICT: HOLLY MITCHELL,2,LOS ANGELES,,INCORPORATED CITY,9,Metro Planning Area,301563.4492,2385.670881
664,1,664,212203,2122.03,2ND SUP. DISTRICT,2ND DISTRICT: HOLLY MITCHELL,2,LOS ANGELES,,INCORPORATED CITY,9,Metro Planning Area,155287.8086,1659.215945
665,2,665,212204,2122.04,2ND SUP. DISTRICT,2ND DISTRICT: HOLLY MITCHELL,2,LOS ANGELES,,INCORPORATED CITY,9,Metro Planning Area,311396.0977,2264.84316
666,1,666,212303,2123.03,2ND SUP. DISTRICT,2ND DISTRICT: HOLLY MITCHELL,2,LOS ANGELES,,INCORPORATED CITY,9,Metro Planning Area,227352.4609,1923.233097
667,1,667,212304,2123.04,2ND SUP. DISTRICT,2ND DISTRICT: HOLLY MITCHELL,2,LOS ANGELES,,INCORPORATED CITY,9,Metro Planning Area,300427.0781,2322.435071
668,1,668,212305,2123.05,2ND SUP. DISTRICT,2ND DISTRICT: HOLLY MITCHELL,2,LOS ANGELES,,INCORPORATED CITY,9,Metro Planning Area,157825.3633,1605.707933
669,1,669,212306,2123.06,2ND SUP. DISTRICT,2ND DISTRICT: HOLLY MITCHELL,2,LOS ANGELES,,INCORPORATED CITY,9,Metro Planning Area,236501.6563,1958.052306
670,1,670,212410,2124.1,2ND SUP. DISTRICT,2ND DISTRICT: HOLLY MITCHELL,2,LOS ANGELES,,INCORPORATED CITY,9,Metro Planning Area,229603.0273,2045.042616
671,1,671,212420,2124.2,2ND SUP. DISTRICT,2ND DISTRICT: HOLLY MITCHELL,2,LOS ANGELES,,INCORPORATED CITY,9,Metro Planning Area,209522.8789,1825.608249
672,1,672,212501,2125.01,2ND SUP. DISTRICT,2ND DISTRICT: HOLLY MITCHELL,2,LOS ANGELES,,INCORPORATED CITY,9,Metro Planning Area,116254.75,1402.052866
673,1,673,212502,2125.02,2ND SUP. DISTRICT,2ND DISTRICT: HOLLY MITCHELL,2,LOS ANGELES,,INCORPORATED CITY,5,Metro Planning Area,416404.8672,3043.513386
674,1,674,212610,2126.1,2ND SUP. DISTRICT,2ND DISTRICT: HOLLY MITCHELL,2,LOS ANGELES,,INCORPORATED CITY,5,Westside Planning Area,521691.582,3083.041335
675,1,675,212620,2126.2,2ND SUP. DISTRICT,2ND DISTRICT: HOLLY MITCHELL,2,LOS ANGELES,,INCORPORATED CITY,5,Westside Planning Area,421546.4023,2925.479025
676,1,676,212701,2127.01,2ND SUP. DISTRICT,2ND DISTRICT: HOLLY MITCHELL,2,LOS ANGELES,,INCORPORATED CITY,5,Westside Planning Area,685875.2539,3936.558568
677,1,677,212702,2127.02,2ND SUP. DISTRICT,2ND DISTRICT: HOLLY MITCHELL,2,LOS ANGELES,,INCORPORATED CITY,5,Westside Planning Area,1286263.137,4962.094997
678,1,678,212800,2128,2ND SUP. DISTRICT,2ND DISTRICT: HOLLY MITCHELL,2,LOS ANGELES,,INCORPORATED CITY,5,Westside Planning Area,1140979.711,4322.505711
679,1,679,212900,2129,2ND SUP. DISTRICT,2ND DISTRICT: HOLLY MITCHELL,2,LOS ANGELES,,INCORPORATED CITY,5,Westside Planning Area,545607.8906,3296.489367
680,1,680,213100,2131,2ND SUP. DISTRICT,2ND DISTRICT: HOLLY MITCHELL,2,LOS ANGELES,,INCORPORATED CITY,5,Westside Planning Area,784280.4688,3870.347271
681,1,681,213201,2132.01,2ND SUP. DISTRICT,2ND DISTRICT: HOLLY MITCHELL,2,LOS ANGELES,,INCORPORATED CITY,5,Metro Planning Area,489163.1836,3021.115564
682,1,682,213202,2132.02,2ND SUP. DISTRICT,2ND DISTRICT: HOLLY MITCHELL,2,LOS ANGELES,,INCORPORATED CITY,5,Metro Planning Area,493471.207,2996.345151
683,1,683,213310,2133.1,2ND SUP. DISTRICT,2ND DISTRICT: HOLLY MITCHELL,2,LOS ANGELES,,INCORPORATED CITY,9,Metro Planning Area,455768.457,2884.621282
684,1,684,213320,2133.2,2ND SUP. DISTRICT,2ND DISTRICT: HOLLY MITCHELL,2,LOS ANGELES,,INCORPORATED CITY,9,Metro Planning Area,454820.4648,2894.007613
685,1,685,213401,2134.01,2ND SUP. DISTRICT,2ND DISTRICT: HOLLY MITCHELL,2,LOS ANGELES,,INCORPORATED CITY,9,Metro Planning Area,286397.6641,2328.443926
686,2,686,213402,2134.02,2ND SUP. DISTRICT,2ND DISTRICT: HOLLY MITCHELL,2,LOS ANGELES,,INCORPORATED CITY,9,Metro Planning Area,572228.7734,3058.657366
688,2,688,214100,2141,2ND SUP. DISTRICT,2ND DISTRICT: HOLLY MITCHELL,2,LOS ANGELES,,INCORPORATED CITY,5,Westside Planning Area,1619401.344,5207.290456
690,2,690,214501,2145.01,2ND SUP. DISTRICT,2ND DISTRICT: HOLLY MITCHELL,2,LOS ANGELES,,INCORPORATED CITY,5,Westside Planning Area,1099231.262,5172.773351
691,1,691,214503,2145.03,2ND SUP. DISTRICT,2ND DISTRICT: HOLLY MITCHELL,2,LOS ANGELES,,INCORPORATED CITY,5,Westside Planning Area,339391.3789,2573.302622
692,1,692,214504,2145.04,2ND SUP. DISTRICT,2ND DISTRICT: HOLLY MITCHELL,2,LOS ANGELES,,INCORPORATED CITY,5,Westside Planning Area,195489.5156,2274.746657
693,2,693,214505,2145.05,2ND SUP. DISTRICT,2ND DISTRICT: HOLLY MITCHELL,2,LOS ANGELES,,INCORPORATED CITY,5,Westside Planning Area,181713.6914,2641.454772
700,2,700,215101,2151.01,2ND SUP. DISTRICT,2ND DISTRICT: HOLLY MITCHELL,2,LOS ANGELES,,INCORPORATED CITY,5,Westside Planning Area,518521.3672,3778.202728
701,2,701,215102,2151.02,2ND SUP. DISTRICT,2ND DISTRICT: HOLLY MITCHELL,2,LOS ANGELES,,INCORPORATED CITY,5,Westside Planning Area,376525.8828,3017.885673
702,1,702,216100,2161,2ND SUP. DISTRICT,2ND DISTRICT: HOLLY MITCHELL,2,LOS ANGELES,,INCORPORATED CITY,5,Westside Planning Area,985936.2031,4123.686488
703,1,703,216201,2162.01,2ND SUP. DISTRICT,2ND DISTRICT: HOLLY MITCHELL,2,LOS ANGELES,,INCORPORATED CITY,5,Westside Planning Area,674644.8789,3834.429778
704,1,704,216202,2162.02,2ND SUP. DISTRICT,2ND DISTRICT: HOLLY MITCHELL,2,LOS ANGELES,,INCORPORATED CITY,5,Westside Planning Area,733976.1758,3760.672116
705,2,705,216301,2163.01,2ND SUP. DISTRICT,2ND DISTRICT: HOLLY MITCHELL,2,LOS ANGELES,,INCORPORATED CITY,5,Westside Planning Area,823671.8242,4190.992267
706,2,706,216302,2163.02,2ND SUP. DISTRICT,2ND DISTRICT: HOLLY MITCHELL,2,LOS ANGELES,,INCORPORATED CITY,5,Westside Planning Area,1035582.816,4177.772778
709,1,709,216700,2167,2ND SUP. DISTRICT,2ND DISTRICT: HOLLY MITCHELL,2,LOS ANGELES,,INCORPORATED CITY,5,Westside Planning Area,1136029.516,4313.945258
710,2,710,216800,2168,2ND SUP. DISTRICT,2ND DISTRICT: HOLLY MITCHELL,2,LOS ANGELES,,INCORPORATED CITY,5,Westside Planning Area,1080558.828,4252.022322
711,1,711,216901,2169.01,2ND SUP. DISTRICT,2ND DISTRICT: HOLLY MITCHELL,2,LOS ANGELES,,INCORPORATED CITY,5,Westside Planning Area,1026814.395,4449.738132
712,1,712,216902,2169.02,2ND SUP. DISTRICT,2ND DISTRICT: HOLLY MITCHELL,2,LOS ANGELES,,INCORPORATED CITY,5,Westside Planning Area,571613.7852,3376.406929
715,1,715,217101,2171.01,2ND SUP. DISTRICT,2ND DISTRICT: HOLLY MITCHELL,2,LOS ANGELES,,INCORPORATED CITY,5,Westside Planning Area,578133.3945,3445.747207
716,1,716,217102,2171.02,2ND SUP. DISTRICT,2ND DISTRICT: HOLLY MITCHELL,2,LOS ANGELES,,INCORPORATED CITY,5,Westside Planning Area,732983.8945,3500.212121
717,1,717,217200,2172,2ND SUP. DISTRICT,2ND DISTRICT: HOLLY MITCHELL,2,LOS ANGELES,,INCORPORATED CITY,5,Westside Planning Area,1342137.102,5523.170774
718,1,718,218110,2181.1,2ND SUP. DISTRICT,2ND DISTRICT: HOLLY MITCHELL,2,LOS ANGELES,,INCORPORATED CITY,5,Westside Planning Area,874057.1133,4697.307462
719,1,719,218120,2181.2,2ND SUP. DISTRICT,2ND DISTRICT: HOLLY MITCHELL,2,LOS ANGELES,,INCORPORATED CITY,5,Westside Planning Area,650066.5586,3273.979765
720,1,720,218210,2182.1,2ND SUP. DISTRICT,2ND DISTRICT: HOLLY MITCHELL,2,LOS ANGELES,,INCORPORATED CITY,5,Westside Planning Area,567221.3359,3230.525647
721,1,721,218220,2182.2,2ND SUP. DISTRICT,2ND DISTRICT: HOLLY MITCHELL,2,LOS ANGELES,,INCORPORATED CITY,5,Westside Planning Area,982334.7266,4301.001131
722,1,722,218300,2183,2ND SUP. DISTRICT,2ND DISTRICT: HOLLY MITCHELL,2,LOS ANGELES,,INCORPORATED CITY,5,Westside Planning Area,1315251.309,6371.19716
723,1,723,218400,2184,2ND SUP. DISTRICT,2ND DISTRICT: HOLLY MITCHELL,2,LOS ANGELES,,INCORPORATED CITY,5,Westside Planning Area,958666.1875,4484.419669
724,1,724,218500,2185,2ND SUP. DISTRICT,2ND DISTRICT: HOLLY MITCHELL,2,LOS ANGELES,,INCORPORATED CITY,5,Westside Planning Area,763911.3828,4066.669512
725,1,725,218600,2186,2ND SUP. DISTRICT,2ND DISTRICT: HOLLY MITCHELL,2,LOS ANGELES,,INCORPORATED CITY,5,Westside Planning Area,628675.75,3308.461897
726,1,726,218701,2187.01,2ND SUP. DISTRICT,2ND DISTRICT: HOLLY MITCHELL,2,LOS ANGELES,,INCORPORATED CITY,5,Westside Planning Area,802813.8477,3932.474714
727,1,727,218702,2187.02,2ND SUP. DISTRICT,2ND DISTRICT: HOLLY MITCHELL,2,LOS ANGELES,,INCORPORATED CITY,5,Westside Planning Area,525038.1211,3783.840325
728,1,728,218800,2188,2ND SUP. DISTRICT,2ND DISTRICT: HOLLY MITCHELL,2,LOS ANGELES,,INCORPORATED CITY,5,Westside Planning Area,600971.2188,3313.697521
729,1,729,218900,2189,2ND SUP. DISTRICT,2ND DISTRICT: HOLLY MITCHELL,2,LOS ANGELES,,INCORPORATED CITY,5,Metro Planning Area,1026797.848,4234.781451
730,1,730,219010,2190.1,2ND SUP. DISTRICT,2ND DISTRICT: HOLLY MITCHELL,2,LOS ANGELES,,INCORPORATED CITY,9,Metro Planning Area,643464.5938,3450.954607
731,1,731,219020,2190.2,2ND SUP. DISTRICT,2ND DISTRICT: HOLLY MITCHELL,2,LOS ANGELES,,INCORPORATED CITY,9,Metro Planning Area,1060246.09,4137.163024
732,1,732,219300,2193,2ND SUP. DISTRICT,2ND DISTRICT: HOLLY MITCHELL,2,LOS ANGELES,,INCORPORATED CITY,5,Metro Planning Area,951352.7578,4139.72863
733,1,733,219500,2195,2ND SUP. DISTRICT,2ND DISTRICT: HOLLY MITCHELL,2,LOS ANGELES,,INCORPORATED CITY,5,Westside Planning Area,813720.5664,3836.150522
734,1,734,219700,2197,2ND SUP. DISTRICT,2ND DISTRICT: HOLLY MITCHELL,2,LOS ANGELES,,INCORPORATED CITY,5,Westside Planning Area,1594583.336,6112.911071
735,1,735,219800,2198,2ND SUP. DISTRICT,2ND DISTRICT: HOLLY MITCHELL,2,LOS ANGELES,,INCORPORATED CITY,5,Westside Planning Area,651201.7266,3590.503129
736,1,736,219901,2199.01,2ND SUP. DISTRICT,2ND DISTRICT: HOLLY MITCHELL,2,LOS ANGELES,,INCORPORATED CITY,5,Westside Planning Area,766157.8125,3711.572848
737,1,737,219902,2199.02,2ND SUP. DISTRICT,2ND DISTRICT: HOLLY MITCHELL,2,LOS ANGELES,,INCORPORATED CITY,5,Westside Planning Area,1168923.914,4894.872304
738,1,738,220000,2200,2ND SUP. DISTRICT,2ND DISTRICT: HOLLY MITCHELL,2,LOS ANGELES,,INCORPORATED CITY,5,Westside Planning Area,1418416.488,4705.56689
739,1,739,220100,2201,2ND SUP. DISTRICT,2ND DISTRICT: HOLLY MITCHELL,2,LOS ANGELES,,INCORPORATED CITY,5,Westside Planning Area,1432251.781,6245.470862
742,1,742,221210,2212.1,2ND SUP. DISTRICT,2ND DISTRICT: HOLLY MITCHELL,2,LOS ANGELES,,INCORPORATED CITY,9,Metro Planning Area,523881.125,3102.614288
743,1,743,221220,2212.2,2ND SUP. DISTRICT,2ND DISTRICT: HOLLY MITCHELL,2,LOS ANGELES,,INCORPORATED CITY,9,Metro Planning Area,962806.8945,3878.059253
744,1,744,221302,2213.02,2ND SUP. DISTRICT,2ND DISTRICT: HOLLY MITCHELL,2,LOS ANGELES,,INCORPORATED CITY,9,Metro Planning Area,674761.332,3746.306812
745,1,745,221303,2213.03,2ND SUP. DISTRICT,2ND DISTRICT: HOLLY MITCHELL,2,LOS ANGELES,,INCORPORATED CITY,9,Metro Planning Area,341635.0977,2387.907629
746,1,746,221304,2213.04,2ND SUP. DISTRICT,2ND DISTRICT: HOLLY MITCHELL,2,LOS ANGELES,,INCORPORATED CITY,5,Metro Planning Area,331829.1484,2321.941134
747,1,747,221401,2214.01,2ND SUP. DISTRICT,2ND DISTRICT: HOLLY MITCHELL,2,LOS ANGELES,,INCORPORATED CITY,9,Metro Planning Area,791662.793,3543.220077
748,1,748,221402,2214.02,2ND SUP. DISTRICT,2ND DISTRICT: HOLLY MITCHELL,2,LOS ANGELES,,INCORPORATED CITY,9,Metro Planning Area,777154.8906,4726.884021
749,1,749,221500,2215,2ND SUP. DISTRICT,2ND DISTRICT: HOLLY MITCHELL,2,LOS ANGELES,,INCORPORATED CITY,9,Metro Planning Area,555786.8828,3085.309515
750,1,750,221601,2216.01,2ND SUP. DISTRICT,2ND DISTRICT: HOLLY MITCHELL,2,LOS ANGELES,,INCORPORATED CITY,9,Metro Planning Area,539985.0391,3054.147177
751,2,751,221602,2216.02,2ND SUP. DISTRICT,2ND DISTRICT: HOLLY MITCHELL,2,LOS ANGELES,,INCORPORATED CITY,9,Metro Planning Area,763253.6484,4414.599506
752,2,752,221710,2217.1,2ND SUP. DISTRICT,2ND DISTRICT: HOLLY MITCHELL,2,LOS ANGELES,,INCORPORATED CITY,9,Metro Planning Area,478795.3164,2984.467417
753,1,753,221810,2218.1,2ND SUP. DISTRICT,2ND DISTRICT: HOLLY MITCHELL,2,LOS ANGELES,,INCORPORATED CITY,9,Metro Planning Area,444234.4727,2751.664028
754,1,754,221820,2218.2,2ND SUP. DISTRICT,2ND DISTRICT: HOLLY MITCHELL,2,LOS ANGELES,,INCORPORATED CITY,9,Metro Planning Area,298158.7852,2150.821808
755,1,755,221900,2219,2ND SUP. DISTRICT,2ND DISTRICT: HOLLY MITCHELL,2,LOS ANGELES,,INCORPORATED CITY,9,Metro Planning Area,598454.4023,3924.595896
756,1,756,222001,2220.01,2ND SUP. DISTRICT,2ND DISTRICT: HOLLY MITCHELL,2,LOS ANGELES,,INCORPORATED CITY,9,Metro Planning Area,692286.4336,3369.118789
757,1,757,222002,2220.02,2ND SUP. DISTRICT,2ND DISTRICT: HOLLY MITCHELL,2,LOS ANGELES,,INCORPORATED CITY,9,Metro Planning Area,956927.2305,3991.876909
758,1,758,222100,2221,2ND SUP. DISTRICT,2ND DISTRICT: HOLLY MITCHELL,2,LOS ANGELES,,INCORPORATED CITY,9,Metro Planning Area,699042.3516,3857.145288
759,1,759,222200,2222,2ND SUP. DISTRICT,2ND DISTRICT: HOLLY MITCHELL,2,LOS ANGELES,,INCORPORATED CITY,9,Metro Planning Area,703382.7773,3874.280098
760,1,760,222500,2225,2ND SUP. DISTRICT,2ND DISTRICT: HOLLY MITCHELL,2,LOS ANGELES,,INCORPORATED CITY,9,Metro Planning Area,952195.8984,3905.555107
761,1,761,222600,2226,2ND SUP. DISTRICT,2ND DISTRICT: HOLLY MITCHELL,2,LOS ANGELES,,INCORPORATED CITY,9,Metro Planning Area,951429.1914,3897.860837
762,1,762,222700,2227,2ND SUP. DISTRICT,2ND DISTRICT: HOLLY MITCHELL,2,LOS ANGELES,,INCORPORATED CITY,9,Metro Planning Area,1199413.434,5017.638209
768,2,768,224410,2244.1,2ND SUP. DISTRICT,2ND DISTRICT: HOLLY MITCHELL,2,LOS ANGELES,,INCORPORATED CITY,9,Metro Planning Area,661704.1719,3880.014454
769,2,769,224420,2244.2,2ND SUP. DISTRICT,2ND DISTRICT: HOLLY MITCHELL,2,LOS ANGELES,,INCORPORATED CITY,9,Metro Planning Area,523543.0078,3304.950027
770,2,770,224600,2246,2ND SUP. DISTRICT,2ND DISTRICT: HOLLY MITCHELL,2,LOS ANGELES,,INCORPORATED CITY,9,Metro Planning Area,1049201.539,4124.332022
771,1,771,224701,2247.01,2ND SUP. DISTRICT,2ND DISTRICT: HOLLY MITCHELL,2,LOS ANGELES,,INCORPORATED CITY,9,Metro Planning Area,343723.8789,2791.016127
772,1,772,224702,2247.02,2ND SUP. DISTRICT,2ND DISTRICT: HOLLY MITCHELL,2,LOS ANGELES,,INCORPORATED CITY,9,Metro Planning Area,577325.543,3611.354283
775,2,775,226410,2264.1,2ND SUP. DISTRICT,2ND DISTRICT: HOLLY MITCHELL,2,LOS ANGELES,,INCORPORATED CITY,9,Metro Planning Area,412275.5234,2623.757049
776,2,776,226420,2264.2,2ND SUP. DISTRICT,2ND DISTRICT: HOLLY MITCHELL,2,LOS ANGELES,,INCORPORATED CITY,9,Metro Planning Area,623069.5,3232.350811
777,1,777,226701,2267.01,2ND SUP. DISTRICT,2ND DISTRICT: HOLLY MITCHELL,2,LOS ANGELES,,INCORPORATED CITY,9,Metro Planning Area,548830.5547,3380.647856
778,1,778,226702,2267.02,2ND SUP. DISTRICT,2ND DISTRICT: HOLLY MITCHELL,2,LOS ANGELES,,INCORPORATED CITY,9,Metro Planning Area,593347.0234,4437.686588
779,2,779,227010,2270.1,2ND SUP. DISTRICT,2ND DISTRICT: HOLLY MITCHELL,2,LOS ANGELES,,INCORPORATED CITY,9,Metro Planning Area,845206.7422,4363.195038
780,1,780,227020,2270.2,2ND SUP. DISTRICT,2ND DISTRICT: HOLLY MITCHELL,2,LOS ANGELES,,INCORPORATED CITY,9,Metro Planning Area,642214.4922,3374.407228
781,3,781,228100,2281,2ND SUP. DISTRICT,2ND DISTRICT: HOLLY MITCHELL,2,LOS ANGELES,,INCORPORATED CITY,9,Metro Planning Area,1463828.285,5626.08301
782,1,782,228210,2282.1,2ND SUP. DISTRICT,2ND DISTRICT: HOLLY MITCHELL,2,LOS ANGELES,,INCORPORATED CITY,9,Metro Planning Area,599695.1719,3381.83732
783,1,783,228220,2282.2,2ND SUP. DISTRICT,2ND DISTRICT: HOLLY MITCHELL,2,LOS ANGELES,,INCORPORATED CITY,9,Metro Planning Area,534251.75,3349.531572
784,1,784,228310,2283.1,2ND SUP. DISTRICT,2ND DISTRICT: HOLLY MITCHELL,2,LOS ANGELES,,INCORPORATED CITY,9,Metro Planning Area,797093.9688,4141.376998
785,1,785,228320,2283.2,2ND SUP. DISTRICT,2ND DISTRICT: HOLLY MITCHELL,2,LOS ANGELES,,INCORPORATED CITY,9,Metro Planning Area,491708.9883,3758.2505
786,1,786,228410,2284.1,2ND SUP. DISTRICT,2ND DISTRICT: HOLLY MITCHELL,2,LOS ANGELES,,INCORPORATED CITY,9,Metro Planning Area,405214.7539,2616.864861
787,1,787,228420,2284.2,2ND SUP. DISTRICT,2ND DISTRICT: HOLLY MITCHELL,2,LOS ANGELES,,INCORPORATED CITY,9,Metro Planning Area,404693.1133,2917.973508
788,1,788,228500,2285,2ND SUP. DISTRICT,2ND DISTRICT: HOLLY MITCHELL,2,LOS ANGELES,,INCORPORATED CITY,9,Metro Planning Area,654830.6914,3392.383807
789,1,789,228600,2286,2ND SUP. DISTRICT,2ND DISTRICT: HOLLY MITCHELL,2,LOS ANGELES,,INCORPORATED CITY,9,Metro Planning Area,768717.6094,3529.901575
790,1,790,228710,2287.1,2ND SUP. DISTRICT,2ND DISTRICT: HOLLY MITCHELL,2,LOS ANGELES,,INCORPORATED CITY,9,Metro Planning Area,590433.2617,3410.985501
791,1,791,228720,2287.2,2ND SUP. DISTRICT,2ND DISTRICT: HOLLY MITCHELL,2,LOS ANGELES,,INCORPORATED CITY,9,Metro Planning Area,589504.4766,3406.48959
792,1,792,228800,2288,2ND SUP. DISTRICT,2ND DISTRICT: HOLLY MITCHELL,2,LOS ANGELES,,INCORPORATED CITY,9,Metro Planning Area,1231776.234,4551.622583
793,2,793,228900,2289,2ND SUP. DISTRICT,2ND DISTRICT: HOLLY MITCHELL,2,LOS ANGELES,,INCORPORATED CITY,9,Metro Planning Area,751810.3984,3553.693893
794,1,794,229100,2291,2ND SUP. DISTRICT,2ND DISTRICT: HOLLY MITCHELL,2,LOS ANGELES,,INCORPORATED CITY,9,Metro Planning Area,692800.3242,3366.826228
795,1,795,229200,2292,2ND SUP. DISTRICT,2ND DISTRICT: HOLLY MITCHELL,2,LOS ANGELES,,INCORPORATED CITY,9,Metro Planning Area,650054.9531,3284.752757
796,1,796,229300,2293,2ND SUP. DISTRICT,2ND DISTRICT: HOLLY MITCHELL,2,LOS ANGELES,,INCORPORATED CITY,9,Metro Planning Area,733562.1641,3512.779364
797,1,797,229410,2294.1,2ND SUP. DISTRICT,2ND DISTRICT: HOLLY MITCHELL,2,LOS ANGELES,,INCORPORATED CITY,9,Metro Planning Area,791060.6758,3572.235923
798,1,798,229420,2294.2,2ND SUP. DISTRICT,2ND DISTRICT: HOLLY MITCHELL,2,LOS ANGELES,,INCORPORATED CITY,9,Metro Planning Area,851924.1523,3699.570958
799,1,799,231100,2311,2ND SUP. DISTRICT,2ND DISTRICT: HOLLY MITCHELL,2,LOS ANGELES,,INCORPORATED CITY,9,Metro Planning Area,1304576.055,4756.48567
800,1,800,231210,2312.1,2ND SUP. DISTRICT,2ND DISTRICT: HOLLY MITCHELL,2,LOS ANGELES,,INCORPORATED CITY,9,Metro Planning Area,467919.8047,2919.281049
801,1,801,231220,2312.2,2ND SUP. DISTRICT,2ND DISTRICT: HOLLY MITCHELL,2,LOS ANGELES,,INCORPORATED CITY,9,Metro Planning Area,1408326.441,4849.370807
802,1,802,231301,2313.01,2ND SUP. DISTRICT,2ND DISTRICT: HOLLY MITCHELL,2,LOS ANGELES,,INCORPORATED CITY,9,Metro Planning Area,341339.5391,2608.958232
803,1,803,231302,2313.02,2ND SUP. DISTRICT,2ND DISTRICT: HOLLY MITCHELL,2,LOS ANGELES,,INCORPORATED CITY,9,Metro Planning Area,617974.3594,3919.675833
804,1,804,231400,2314,2ND SUP. DISTRICT,2ND DISTRICT: HOLLY MITCHELL,2,LOS ANGELES,,INCORPORATED CITY,9,Metro Planning Area,906172.7969,3811.297651
805,1,805,231500,2315,2ND SUP. DISTRICT,2ND DISTRICT: HOLLY MITCHELL,2,LOS ANGELES,,INCORPORATED CITY,9,Metro Planning Area,1341017.523,4709.731856
806,1,806,231601,2316.01,2ND SUP. DISTRICT,2ND DISTRICT: HOLLY MITCHELL,2,LOS ANGELES,,INCORPORATED CITY,9,Metro Planning Area,465952.1992,2893.651591
807,1,807,231602,2316.02,2ND SUP. DISTRICT,2ND DISTRICT: HOLLY MITCHELL,2,LOS ANGELES,,INCORPORATED CITY,9,Metro Planning Area,459569.7617,2880.480062
808,1,808,231603,2316.03,2ND SUP. DISTRICT,2ND DISTRICT: HOLLY MITCHELL,2,LOS ANGELES,,INCORPORATED CITY,9,Metro Planning Area,467229.2148,2898.661505
809,1,809,231710,2317.1,2ND SUP. DISTRICT,2ND DISTRICT: HOLLY MITCHELL,2,LOS ANGELES,,INCORPORATED CITY,9,Metro Planning Area,472367.4375,2925.946765
810,1,810,231720,2317.2,2ND SUP. DISTRICT,2ND DISTRICT: HOLLY MITCHELL,2,LOS ANGELES,,INCORPORATED CITY,9,Metro Planning Area,688948.0703,3359.28523
811,1,811,231800,2318,2ND SUP. DISTRICT,2ND DISTRICT: HOLLY MITCHELL,2,LOS ANGELES,,INCORPORATED CITY,9,Metro Planning Area,759001.5234,3510.579198
812,1,812,231901,2319.01,2ND SUP. DISTRICT,2ND DISTRICT: HOLLY MITCHELL,2,LOS ANGELES,,INCORPORATED CITY,9,Metro Planning Area,357008.7188,2441.94415
813,1,813,231902,2319.02,2ND SUP. DISTRICT,2ND DISTRICT: HOLLY MITCHELL,2,LOS ANGELES,,INCORPORATED CITY,9,Metro Planning Area,472726.4297,3660.874007
814,1,814,232110,2321.1,2ND SUP. DISTRICT,2ND DISTRICT: HOLLY MITCHELL,2,LOS ANGELES,,INCORPORATED CITY,9,Metro Planning Area,554324.832,3237.884451
815,1,815,232120,2321.2,2ND SUP. DISTRICT,2ND DISTRICT: HOLLY MITCHELL,2,LOS ANGELES,,INCORPORATED CITY,9,Metro Planning Area,761223.0977,3583.547817
816,1,816,232200,2322,2ND SUP. DISTRICT,2ND DISTRICT: HOLLY MITCHELL,2,LOS ANGELES,,INCORPORATED CITY,9,Metro Planning Area,762829.0977,3996.856704
817,1,817,232300,2323,2ND SUP. DISTRICT,2ND DISTRICT: HOLLY MITCHELL,2,LOS ANGELES,,INCORPORATED CITY,9,Metro Planning Area,917084.1953,4247.329475
818,1,818,232401,2324.01,2ND SUP. DISTRICT,2ND DISTRICT: HOLLY MITCHELL,2,LOS ANGELES,,INCORPORATED CITY,9,Metro Planning Area,830977.5078,4385.3455
819,1,819,232402,2324.02,2ND SUP. DISTRICT,2ND DISTRICT: HOLLY MITCHELL,2,LOS ANGELES,,INCORPORATED CITY,9,Metro Planning Area,792395.9414,4146.920495
820,1,820,232500,2325,2ND SUP. DISTRICT,2ND DISTRICT: HOLLY MITCHELL,2,LOS ANGELES,,INCORPORATED CITY,9,Metro Planning Area,1119580.125,4400.336138
821,1,821,232601,2326.01,2ND SUP. DISTRICT,2ND DISTRICT: HOLLY MITCHELL,2,LOS ANGELES,,INCORPORATED CITY,9,Metro Planning Area,384813.3984,2579.563073
822,1,822,232602,2326.02,2ND SUP. DISTRICT,2ND DISTRICT: HOLLY MITCHELL,2,LOS ANGELES,,INCORPORATED CITY,9,Metro Planning Area,775005.0898,3534.760229
823,1,823,232701,2327.01,2ND SUP. DISTRICT,2ND DISTRICT: HOLLY MITCHELL,2,LOS ANGELES,,INCORPORATED CITY,9,Metro Planning Area,404664.3047,2634.320891
824,1,824,232702,2327.02,2ND SUP. DISTRICT,2ND DISTRICT: HOLLY MITCHELL,2,LOS ANGELES,,INCORPORATED CITY,9,Metro Planning Area,661707.418,3259.94535
825,1,825,232800,2328,2ND SUP. DISTRICT,2ND DISTRICT: HOLLY MITCHELL,2,LOS ANGELES,,INCORPORATED CITY,9,Metro Planning Area,622212.3945,3209.285281
826,1,826,234001,2340.01,2ND SUP. DISTRICT,2ND DISTRICT: HOLLY MITCHELL,2,LOS ANGELES,,INCORPORATED CITY,9,Metro Planning Area,988143.6094,5776.653899
827,1,827,234002,2340.02,2ND SUP. DISTRICT,2ND DISTRICT: HOLLY MITCHELL,2,LOS ANGELES,,INCORPORATED CITY,9,Metro Planning Area,823825.4531,4882.293615
828,1,828,234200,2342,2ND SUP. DISTRICT,2ND DISTRICT: HOLLY MITCHELL,2,LOS ANGELES,,INCORPORATED CITY,9,Metro Planning Area,1288334.484,4797.506923
829,1,829,234301,2343.01,2ND SUP. DISTRICT,2ND DISTRICT: HOLLY MITCHELL,2,LOS ANGELES,,INCORPORATED CITY,5,Metro Planning Area,735267.3359,3472.622986
830,1,830,234302,2343.02,2ND SUP. DISTRICT,2ND DISTRICT: HOLLY MITCHELL,2,LOS ANGELES,,INCORPORATED CITY,9,Metro Planning Area,534394.9023,3410.757569
831,1,831,234501,2345.01,2ND SUP. DISTRICT,2ND DISTRICT: HOLLY MITCHELL,2,LOS ANGELES,,INCORPORATED CITY,5,Metro Planning Area,1096539.414,4689.251439
832,1,832,234502,2345.02,2ND SUP. DISTRICT,2ND DISTRICT: HOLLY MITCHELL,2,LOS ANGELES,,INCORPORATED CITY,5,Metro Planning Area,794785.9609,4288.765616
833,1,833,234600,2346,2ND SUP. DISTRICT,2ND DISTRICT: HOLLY MITCHELL,2,LOS ANGELES,,INCORPORATED CITY,5,Metro Planning Area,1901517.789,6560.597543
834,1,834,234700,2347,2ND SUP. DISTRICT,2ND DISTRICT: HOLLY MITCHELL,2,LOS ANGELES,,INCORPORATED CITY,5,Metro Planning Area,1082075.531,5453.110529
835,1,835,234800,2348,2ND SUP. DISTRICT,2ND DISTRICT: HOLLY MITCHELL,2,LOS ANGELES,,INCORPORATED CITY,9,Metro Planning Area,953823.4258,3906.518336
836,1,836,234901,2349.01,2ND SUP. DISTRICT,2ND DISTRICT: HOLLY MITCHELL,2,LOS ANGELES,,INCORPORATED CITY,9,Metro Planning Area,474459.8516,2922.592041
837,1,837,234902,2349.02,2ND SUP. DISTRICT,2ND DISTRICT: HOLLY MITCHELL,2,LOS ANGELES,,INCORPORATED CITY,9,Metro Planning Area,652792.1758,3666.941536
838,1,838,235100,2351,2ND SUP. DISTRICT,2ND DISTRICT: HOLLY MITCHELL,2,LOS ANGELES,,INCORPORATED CITY,5,Metro Planning Area,1722754.961,6678.120133
839,1,839,235201,2352.01,2ND SUP. DISTRICT,2ND DISTRICT: HOLLY MITCHELL,2,LOS ANGELES,,INCORPORATED CITY,9,Metro Planning Area,951355.1016,3925.357436
840,1,840,235202,2352.02,2ND SUP. DISTRICT,2ND DISTRICT: HOLLY MITCHELL,2,LOS ANGELES,,INCORPORATED CITY,9,Metro Planning Area,1241333.305,4864.4853
841,1,841,236001,2360.01,2ND SUP. DISTRICT,2ND DISTRICT: HOLLY MITCHELL,2,LOS ANGELES,,INCORPORATED CITY,5,Westside Planning Area,3214500.926,10363.1828
842,1,842,236101,2361.01,2ND SUP. DISTRICT,2ND DISTRICT: HOLLY MITCHELL,2,LOS ANGELES,,INCORPORATED CITY,5,Westside Planning Area,923088.3281,4318.631652
843,1,843,236102,2361.02,2ND SUP. DISTRICT,2ND DISTRICT: HOLLY MITCHELL,2,LOS ANGELES,,INCORPORATED CITY,5,Westside Planning Area,726645.1367,4390.495322
844,1,844,236203,2362.03,2ND SUP. DISTRICT,2ND DISTRICT: HOLLY MITCHELL,2,LOS ANGELES,,INCORPORATED CITY,5,Westside Planning Area,495187.8867,3987.624623
845,1,845,236204,2362.04,2ND SUP. DISTRICT,2ND DISTRICT: HOLLY MITCHELL,2,LOS ANGELES,,INCORPORATED CITY,5,Westside Planning Area,335412.5703,2467.56493
846,1,846,236205,2362.05,2ND SUP. DISTRICT,2ND DISTRICT: HOLLY MITCHELL,2,LOS ANGELES,,INCORPORATED CITY,5,Westside Planning Area,243671.7109,2235.99477
847,1,847,236206,2362.06,2ND SUP. DISTRICT,2ND DISTRICT: HOLLY MITCHELL,2,LOS ANGELES,,INCORPORATED CITY,5,Westside Planning Area,401215.5508,3582.391904
848,1,848,236400,2364,2ND SUP. DISTRICT,2ND DISTRICT: HOLLY MITCHELL,2,LOS ANGELES,,INCORPORATED CITY,5,Westside Planning Area,1955610.457,7137.43457
849,1,849,237101,2371.01,2ND SUP. DISTRICT,2ND DISTRICT: HOLLY MITCHELL,2,LOS ANGELES,,INCORPORATED CITY,9,Metro Planning Area,917090.457,3809.999742
850,1,850,237102,2371.02,2ND SUP. DISTRICT,2ND DISTRICT: HOLLY MITCHELL,2,LOS ANGELES,,INCORPORATED CITY,9,Metro Planning Area,670697.1992,3318.181732
851,1,851,237201,2372.01,2ND SUP. DISTRICT,2ND DISTRICT: HOLLY MITCHELL,2,LOS ANGELES,,INCORPORATED CITY,9,Metro Planning Area,661134.6484,3272.244717
852,1,852,237202,2372.02,2ND SUP. DISTRICT,2ND DISTRICT: HOLLY MITCHELL,2,LOS ANGELES,,INCORPORATED CITY,9,Metro Planning Area,1616380.414,5294.128012
853,1,853,237300,2373,2ND SUP. DISTRICT,2ND DISTRICT: HOLLY MITCHELL,2,LOS ANGELES,,INCORPORATED CITY,9,Metro Planning Area,1454537.824,4951.38351
854,1,854,237401,2374.01,2ND SUP. DISTRICT,2ND DISTRICT: HOLLY MITCHELL,2,LOS ANGELES,,INCORPORATED CITY,9,Metro Planning Area,752438.3125,3520.007868
855,1,855,237402,2374.02,2ND SUP. DISTRICT,2ND DISTRICT: HOLLY MITCHELL,2,LOS ANGELES,,INCORPORATED CITY,9,Metro Planning Area,759904.9805,3543.171173
856,1,856,237500,2375,2ND SUP. DISTRICT,2ND DISTRICT: HOLLY MITCHELL,2,LOS ANGELES,,INCORPORATED CITY,9,Metro Planning Area,491789.9023,3036.910459
857,1,857,237600,2376,2ND SUP. DISTRICT,2ND DISTRICT: HOLLY MITCHELL,2,LOS ANGELES,,INCORPORATED CITY,9,Metro Planning Area,734411.4648,3486.430808
858,1,858,237710,2377.1,2ND SUP. DISTRICT,2ND DISTRICT: HOLLY MITCHELL,2,LOS ANGELES,,INCORPORATED CITY,9,Metro Planning Area,630139.5586,3455.244538
859,1,859,237720,2377.2,2ND SUP. DISTRICT,2ND DISTRICT: HOLLY MITCHELL,2,LOS ANGELES,,INCORPORATED CITY,9,Metro Planning Area,474044.5742,3209.091722
860,1,860,237800,2378,2ND SUP. DISTRICT,2ND DISTRICT: HOLLY MITCHELL,2,LOS ANGELES,,INCORPORATED CITY,9,Metro Planning Area,1417985.367,4834.487859
861,1,861,237900,2379,2ND SUP. DISTRICT,2ND DISTRICT: HOLLY MITCHELL,2,LOS ANGELES,,INCORPORATED CITY,9,Metro Planning Area,1428178.039,4879.064095
862,1,862,238000,2380,2ND SUP. DISTRICT,2ND DISTRICT: HOLLY MITCHELL,2,LOS ANGELES,,INCORPORATED CITY,9,Metro Planning Area,2423576.375,7777.898727
863,1,863,238100,2381,2ND SUP. DISTRICT,2ND DISTRICT: HOLLY MITCHELL,2,LOS ANGELES,,INCORPORATED CITY,9,Metro Planning Area,1433717.609,4880.563331
864,1,864,238200,2382,2ND SUP. DISTRICT,2ND DISTRICT: HOLLY MITCHELL,2,LOS ANGELES,,INCORPORATED CITY,9,Metro Planning Area,1496208.605,5107.919998
865,1,865,238310,2383.1,2ND SUP. DISTRICT,2ND DISTRICT: HOLLY MITCHELL,2,LOS ANGELES,,INCORPORATED CITY,9,Metro Planning Area,578723.2617,3421.29559
866,1,866,238320,2383.2,2ND SUP. DISTRICT,2ND DISTRICT: HOLLY MITCHELL,2,LOS ANGELES,,INCORPORATED CITY,9,Metro Planning Area,682449.3281,3558.580619
867,1,867,238400,2384,2ND SUP. DISTRICT,2ND DISTRICT: HOLLY MITCHELL,2,LOS ANGELES,,INCORPORATED CITY,9,Metro Planning Area,1896557.586,5843.985211
868,1,868,239201,2392.01,2ND SUP. DISTRICT,2ND DISTRICT: HOLLY MITCHELL,2,LOS ANGELES,,INCORPORATED CITY,9,Metro Planning Area,655978.8164,3272.550988
869,1,869,239202,2392.02,2ND SUP. DISTRICT,2ND DISTRICT: HOLLY MITCHELL,2,LOS ANGELES,,INCORPORATED CITY,9,Metro Planning Area,1860057.516,5836.346241
870,1,870,239310,2393.1,2ND SUP. DISTRICT,2ND DISTRICT: HOLLY MITCHELL,2,LOS ANGELES,,INCORPORATED CITY,9,Metro Planning Area,779773.082,3563.574017
871,1,871,239320,2393.2,2ND SUP. DISTRICT,2ND DISTRICT: HOLLY MITCHELL,2,LOS ANGELES,,INCORPORATED CITY,9,Metro Planning Area,506002.7266,3050.662954
872,1,872,239330,2393.3,2ND SUP. DISTRICT,2ND DISTRICT: HOLLY MITCHELL,2,LOS ANGELES,,INCORPORATED CITY,9,Metro Planning Area,1428052.707,4944.075249
873,1,873,239501,2395.01,2ND SUP. DISTRICT,2ND DISTRICT: HOLLY MITCHELL,2,LOS ANGELES,,INCORPORATED CITY,9,Metro Planning Area,691273.3594,3887.257308
874,1,874,239502,2395.02,2ND SUP. DISTRICT,2ND DISTRICT: HOLLY MITCHELL,2,LOS ANGELES,,INCORPORATED CITY,9,Metro Planning Area,744712.0156,3977.582053
875,1,875,239601,2396.01,2ND SUP. DISTRICT,2ND DISTRICT: HOLLY MITCHELL,2,LOS ANGELES,,INCORPORATED CITY,9,Metro Planning Area,615575.125,3527.48041
876,1,876,239602,2396.02,2ND SUP. DISTRICT,2ND DISTRICT: HOLLY MITCHELL,2,LOS ANGELES,,INCORPORATED CITY,9,Metro Planning Area,521950.6641,3409.405268
877,1,877,239701,2397.01,2ND SUP. DISTRICT,2ND DISTRICT: HOLLY MITCHELL,2,LOS ANGELES,,INCORPORATED CITY,9,Metro Planning Area,597118.7344,3488.44557
878,1,878,239702,2397.02,2ND SUP. DISTRICT,2ND DISTRICT: HOLLY MITCHELL,2,LOS ANGELES,,INCORPORATED CITY,9,Metro Planning Area,708671.4883,3699.938741
879,1,879,239801,2398.01,2ND SUP. DISTRICT,2ND DISTRICT: HOLLY MITCHELL,2,LOS ANGELES,,INCORPORATED CITY,9,Metro Planning Area,540380.207,3660.289692
880,1,880,239802,2398.02,2ND SUP. DISTRICT,2ND DISTRICT: HOLLY MITCHELL,2,LOS ANGELES,,INCORPORATED CITY,9,Metro Planning Area,888187.1641,4135.743437
881,1,881,240010,2400.1,2ND SUP. DISTRICT,2ND DISTRICT: HOLLY MITCHELL,2,LOS ANGELES,,INCORPORATED CITY,9,Metro Planning Area,857482.1914,4487.661108
882,1,882,240020,2400.2,2ND SUP. DISTRICT,2ND DISTRICT: HOLLY MITCHELL,2,LOS ANGELES,,INCORPORATED CITY,9,Metro Planning Area,1048834.422,4722.74656
883,1,883,240200,2402,2ND SUP. DISTRICT,2ND DISTRICT: HOLLY MITCHELL,2,LOS ANGELES,,INCORPORATED CITY,9,Metro Planning Area,1088218.359,4154.141354
884,1,884,240301,2403.01,2ND SUP. DISTRICT,2ND DISTRICT: HOLLY MITCHELL,2,LOS ANGELES,,INCORPORATED CITY,9,Metro Planning Area,683278.9727,3394.684237
885,1,885,240302,2403.02,2ND SUP. DISTRICT,2ND DISTRICT: HOLLY MITCHELL,2,LOS ANGELES,,INCORPORATED CITY,9,Metro Planning Area,502160.5859,2965.289415
886,1,886,240401,2404.01,2ND SUP. DISTRICT,2ND DISTRICT: HOLLY MITCHELL,2,LOS ANGELES,,INCORPORATED CITY,9,Metro Planning Area,1009717.273,4161.026622
887,1,887,240402,2404.02,2ND SUP. DISTRICT,2ND DISTRICT: HOLLY MITCHELL,2,LOS ANGELES,,INCORPORATED CITY,9,Metro Planning Area,875951.5,4091.217241
888,1,888,240500,2405,2ND SUP. DISTRICT,2ND DISTRICT: HOLLY MITCHELL,2,LOS ANGELES,,INCORPORATED CITY,9,Metro Planning Area,1183721.813,4513.541094
889,1,889,240600,2406,2ND SUP. DISTRICT,2ND DISTRICT: HOLLY MITCHELL,2,LOS ANGELES,,INCORPORATED CITY,9,Metro Planning Area,984619.8828,4157.168165
890,1,890,240700,2407,2ND SUP. DISTRICT,2ND DISTRICT: HOLLY MITCHELL,2,LOS ANGELES,,INCORPORATED CITY,9,Metro Planning Area,1740194.156,5531.251395
891,1,891,240800,2408,2ND SUP. DISTRICT,2ND DISTRICT: HOLLY MITCHELL,2,LOS ANGELES,,INCORPORATED CITY,9,Metro Planning Area,929960.0938,4973.417465
892,1,892,240901,2409.01,2ND SUP. DISTRICT,2ND DISTRICT: HOLLY MITCHELL,2,LOS ANGELES,,INCORPORATED CITY,9,Metro Planning Area,511439.418,4088.536549
893,1,893,240902,2409.02,2ND SUP. DISTRICT,2ND DISTRICT: HOLLY MITCHELL,2,LOS ANGELES,,INCORPORATED CITY,9,Metro Planning Area,1047514.684,4709.866443
894,1,894,241001,2410.01,2ND SUP. DISTRICT,2ND DISTRICT: HOLLY MITCHELL,2,LOS ANGELES,,INCORPORATED CITY,9,Metro Planning Area,1320085.898,6663.052905
895,1,895,241002,2410.02,2ND SUP. DISTRICT,2ND DISTRICT: HOLLY MITCHELL,2,LOS ANGELES,,INCORPORATED CITY,9,Metro Planning Area,1029971.262,4782.222569
896,1,896,241110,2411.1,2ND SUP. DISTRICT,2ND DISTRICT: HOLLY MITCHELL,2,LOS ANGELES,,INCORPORATED CITY,9,Metro Planning Area,708776.5508,3877.833631
897,1,897,241120,2411.2,2ND SUP. DISTRICT,2ND DISTRICT: HOLLY MITCHELL,2,LOS ANGELES,,INCORPORATED CITY,9,Metro Planning Area,966661.3438,4271.319832
898,1,898,241201,2412.01,2ND SUP. DISTRICT,2ND DISTRICT: HOLLY MITCHELL,2,LOS ANGELES,,INCORPORATED CITY,9,Metro Planning Area,707764.8203,3741.350721
899,1,899,241202,2412.02,2ND SUP. DISTRICT,2ND DISTRICT: HOLLY MITCHELL,2,LOS ANGELES,,INCORPORATED CITY,9,Metro Planning Area,1694111.336,5162.115118
900,1,900,241300,2413,2ND SUP. DISTRICT,2ND DISTRICT: HOLLY MITCHELL,2,LOS ANGELES,,INCORPORATED CITY,9,Metro Planning Area,760288.7109,3659.751269
901,1,901,241400,2414,2ND SUP. DISTRICT,2ND DISTRICT: HOLLY MITCHELL,2,LOS ANGELES,,INCORPORATED CITY,9,Metro Planning Area,838078.3398,4054.452867
902,1,902,242000,2420,2ND SUP. DISTRICT,2ND DISTRICT: HOLLY MITCHELL,2,LOS ANGELES,,INCORPORATED CITY,9,Metro Planning Area,942017.6328,3873.655415
903,1,903,242100,2421,2ND SUP. DISTRICT,2ND DISTRICT: HOLLY MITCHELL,2,LOS ANGELES,,INCORPORATED CITY,9,Metro Planning Area,669566.9336,3328.637041
904,1,904,242201,2422.01,2ND SUP. DISTRICT,2ND DISTRICT: HOLLY MITCHELL,2,LOS ANGELES,,INCORPORATED CITY,9,Metro Planning Area,596805.8867,3115.481025
905,1,905,242202,2422.02,2ND SUP. DISTRICT,2ND DISTRICT: HOLLY MITCHELL,2,LOS ANGELES,,INCORPORATED CITY,9,Metro Planning Area,587991.5859,4160.429618
906,1,906,242300,2423,2ND SUP. DISTRICT,2ND DISTRICT: HOLLY MITCHELL,2,LOS ANGELES,,INCORPORATED CITY,9,Metro Planning Area,917899.75,4237.130227
907,1,907,242600,2426,2ND SUP. DISTRICT,2ND DISTRICT: HOLLY MITCHELL,2,LOS ANGELES,,INCORPORATED CITY,9,Metro Planning Area,693217.543,3366.299021
908,1,908,242700,2427,2ND SUP. DISTRICT,2ND DISTRICT: HOLLY MITCHELL,2,LOS ANGELES,,INCORPORATED CITY,9,Metro Planning Area,1478633.691,5289.050321
909,1,909,243001,2430.01,2ND SUP. DISTRICT,2ND DISTRICT: HOLLY MITCHELL,2,LOS ANGELES,,INCORPORATED CITY,9,Metro Planning Area,504827.5664,3029.746728
910,2,910,243002,2430.02,2ND SUP. DISTRICT,2ND DISTRICT: HOLLY MITCHELL,2,LOS ANGELES,,INCORPORATED CITY,9,Metro Planning Area,570658.4258,3213.100595
911,1,911,243100,2431,2ND SUP. DISTRICT,2ND DISTRICT: HOLLY MITCHELL,2,LOS ANGELES,,INCORPORATED CITY,9,Metro Planning Area,853472.1836,3885.096915
988,2,988,270300,2703,2ND SUP. DISTRICT,2ND DISTRICT: HOLLY MITCHELL,2,LOS ANGELES,,INCORPORATED CITY,5,Westside Planning Area,1425742.754,5033.91563
1018,2,1018,274100,2741,2ND SUP. DISTRICT,2ND DISTRICT: HOLLY MITCHELL,2,LOS ANGELES,,INCORPORATED CITY,5,Westside Planning Area,915833.1445,5264.231726
1019,2,1019,274202,2742.02,2ND SUP. DISTRICT,2ND DISTRICT: HOLLY MITCHELL,2,LOS ANGELES,,INCORPORATED CITY,5,Westside Planning Area,3243280.391,8088.965235
1020,1,1020,275101,2751.01,2ND SUP. DISTRICT,2ND DISTRICT: HOLLY MITCHELL,2,LOS ANGELES,,INCORPORATED CITY,5,Westside Planning Area,502076.4414,3779.264408
1021,1,1021,275102,2751.02,2ND SUP. DISTRICT,2ND DISTRICT: HOLLY MITCHELL,2,LOS ANGELES,,INCORPORATED CITY,5,Westside Planning Area,909930.0313,4496.894015
1022,1,1022,275200,2752,2ND SUP. DISTRICT,2ND DISTRICT: HOLLY MITCHELL,2,LOS ANGELES,,INCORPORATED CITY,5,Westside Planning Area,676886.8242,3874.32718
1023,1,1023,275311,2753.11,2ND SUP. DISTRICT,2ND DISTRICT: HOLLY MITCHELL,2,LOS ANGELES,,INCORPORATED CITY,5,Westside Planning Area,1884592.383,6311.256542
1024,1,1024,275312,2753.12,2ND SUP. DISTRICT,2ND DISTRICT: HOLLY MITCHELL,2,LOS ANGELES,,INCORPORATED CITY,5,Westside Planning Area,1198139.684,5261.587869
1025,1,1025,275313,2753.13,2ND SUP. DISTRICT,2ND DISTRICT: HOLLY MITCHELL,2,LOS ANGELES,,INCORPORATED CITY,5,Westside Planning Area,1425318.207,5888.138476
1026,1,1026,275400,2754,2ND SUP. DISTRICT,2ND DISTRICT: HOLLY MITCHELL,2,LOS ANGELES,,INCORPORATED CITY,5,Westside Planning Area,1095181.973,4811.79083
1027,1,1027,275500,2755,2ND SUP. DISTRICT,2ND DISTRICT: HOLLY MITCHELL,2,LOS ANGELES,,INCORPORATED CITY,5,Westside Planning Area,1148838.551,4331.072662
1028,1,1028,275603,2756.03,2ND SUP. DISTRICT,2ND DISTRICT: HOLLY MITCHELL,2,LOS ANGELES,,INCORPORATED CITY,5,Westside Planning Area,1493018.949,6203.420384
1029,1,1029,275604,2756.04,2ND SUP. DISTRICT,2ND DISTRICT: HOLLY MITCHELL,2,LOS ANGELES,,INCORPORATED CITY,5,Westside Planning Area,2260253.676,9391.309509
1030,1,1030,275605,2756.05,2ND SUP. DISTRICT,2ND DISTRICT: HOLLY MITCHELL,2,LOS ANGELES,,INCORPORATED CITY,5,Westside Planning Area,1516816.52,6392.076118
1031,1,1031,276000,2760,2ND SUP. DISTRICT,2ND DISTRICT: HOLLY MITCHELL,2,LOS ANGELES,,INCORPORATED CITY,5,Westside Planning Area,3408500.809,8323.205672
1032,1,1032,276101,2761.01,2ND SUP. DISTRICT,2ND DISTRICT: HOLLY MITCHELL,2,LOS ANGELES,,INCORPORATED CITY,5,South Bay Planning Area,475717.1797,3823.745051
1033,1,1033,276102,2761.02,2ND SUP. DISTRICT,2ND DISTRICT: HOLLY MITCHELL,2,LOS ANGELES,,INCORPORATED CITY,5,South Bay Planning Area,960186.6641,7576.505873
1034,1,1034,276400,2764,2ND SUP. DISTRICT,2ND DISTRICT: HOLLY MITCHELL,2,LOS ANGELES,,INCORPORATED CITY,5,Westside Planning Area,1859734.512,5967.609527
1035,1,1035,276500,2765,2ND SUP. DISTRICT,2ND DISTRICT: HOLLY MITCHELL,2,LOS ANGELES,,INCORPORATED CITY,5,Westside Planning Area,1737284.273,5657.422244
1036,1,1036,276601,2766.01,2ND SUP. DISTRICT,2ND DISTRICT: HOLLY MITCHELL,2,LOS ANGELES,,INCORPORATED CITY,5,Westside Planning Area,3264240.809,8565.598371
1037,1,1037,276605,2766.05,2ND SUP. DISTRICT,2ND DISTRICT: HOLLY MITCHELL,2,LOS ANGELES,,INCORPORATED CITY,5,Westside Planning Area,346506.7188,3019.937007
1038,1,1038,276606,2766.06,2ND SUP. DISTRICT,2ND DISTRICT: HOLLY MITCHELL,2,LOS ANGELES,,INCORPORATED CITY,5,Westside Planning Area,316031.0273,2700.49389
1039,1,1039,276607,2766.07,2ND SUP. DISTRICT,2ND DISTRICT: HOLLY MITCHELL,2,LOS ANGELES,,INCORPORATED CITY,5,Westside Planning Area,696644.2109,4184.866067
1040,1,1040,276608,2766.08,2ND SUP. DISTRICT,2ND DISTRICT: HOLLY MITCHELL,2,LOS ANGELES,,INCORPORATED CITY,5,Westside Planning Area,524999.2813,3181.744447
1041,1,1041,277000,2770,2ND SUP. DISTRICT,2ND DISTRICT: HOLLY MITCHELL,2,LOS ANGELES,,INCORPORATED CITY,5,Westside Planning Area,3351058.156,8047.675636
1042,1,1042,277100,2771,2ND SUP. DISTRICT,2ND DISTRICT: HOLLY MITCHELL,2,LOS ANGELES,,INCORPORATED CITY,5,Westside Planning Area,1798676.863,5635.052858
1043,1,1043,277200,2772,2ND SUP. DISTRICT,2ND DISTRICT: HOLLY MITCHELL,2,LOS ANGELES,,INCORPORATED CITY,5,Westside Planning Area,1517989.945,5574.576973
1044,1,1044,277400,2774,2ND SUP. DISTRICT,2ND DISTRICT: HOLLY MITCHELL,2,LOS ANGELES,,INCORPORATED CITY,5,Westside Planning Area,930880.9688,3840.373486
1045,1,1045,278001,2780.01,2ND SUP. DISTRICT,2ND DISTRICT: HOLLY MITCHELL,2,LOS ANGELES,,INCORPORATED CITY,5,Westside Planning Area,2353039.742,9316.92671
1046,1,1046,278102,2781.02,2ND SUP. DISTRICT,2ND DISTRICT: HOLLY MITCHELL,2,LOS ANGELES,,INCORPORATED CITY,5,Westside Planning Area,4792626.762,12760.56552
1047,1,1047,291110,2911.1,2ND SUP. DISTRICT,2ND DISTRICT: HOLLY MITCHELL,2,LOS ANGELES,,INCORPORATED CITY,9,South Bay Planning Area,1035675.215,4264.964563
1048,1,1048,291120,2911.2,2ND SUP. DISTRICT,2ND DISTRICT: HOLLY MITCHELL,2,LOS ANGELES,,INCORPORATED CITY,9,South Bay Planning Area,1021112.668,4043.063059
1049,1,1049,291130,2911.3,2ND SUP. DISTRICT,2ND DISTRICT: HOLLY MITCHELL,2,LOS ANGELES,,INCORPORATED CITY,9,South Bay Planning Area,1879508.98,5828.834455
1050,1,1050,291210,2912.1,2ND SUP. DISTRICT,2ND DISTRICT: HOLLY MITCHELL,2,LOS ANGELES,,INCORPORATED CITY,11,South Bay Planning Area,1807903.297,5774.764745
1051,1,1051,291220,2912.2,2ND SUP. DISTRICT,2ND DISTRICT: HOLLY MITCHELL,2,LOS ANGELES,,INCORPORATED CITY,11,South Bay Planning Area,1190771.453,4531.326799
1052,1,1052,291300,2913,2ND SUP. DISTRICT,2ND DISTRICT: HOLLY MITCHELL,2,LOS ANGELES,,INCORPORATED CITY,11,South Bay Planning Area,3496195.309,11673.62779
1053,2,1053,292001,2920.01,2ND SUP. DISTRICT,2ND DISTRICT: HOLLY MITCHELL,2,LOS ANGELES,WEST CARSON,INCORPORATED/UNINCORPORATED,11,South Bay Planning Area,5131255.246,10804.59537
1054,2,1054,292002,2920.02,2ND SUP. DISTRICT,2ND DISTRICT: HOLLY MITCHELL,2,LOS ANGELES,,INCORPORATED CITY,11,South Bay Planning Area,680649.1719,3410.114279
1055,2,1055,293203,2932.03,2ND SUP. DISTRICT,2ND DISTRICT: HOLLY MITCHELL,2,LOS ANGELES,,INCORPORATED CITY,11,South Bay Planning Area,676606.082,3548.531096
1056,2,1056,293204,2932.04,2ND SUP. DISTRICT,2ND DISTRICT: HOLLY MITCHELL,2,LOS ANGELES,,INCORPORATED CITY,11,South Bay Planning Area,878625.1094,4940.7025
1057,2,1057,293205,2932.05,2ND SUP. DISTRICT,2ND DISTRICT: HOLLY MITCHELL,2,LOS ANGELES,,INCORPORATED CITY,11,South Bay Planning Area,923122.1563,4204.616699
1058,2,1058,293206,2932.06,2ND SUP. DISTRICT,2ND DISTRICT: HOLLY MITCHELL,2,LOS ANGELES,,INCORPORATED CITY,11,South Bay Planning Area,605567.7852,3368.358117
1690,2,1690,532700,5327,2ND SUP. DISTRICT,2ND DISTRICT: HOLLY MITCHELL,2,,FLORENCE - FIRESTONE,UNINCORPORATED AREA,9,Metro Planning Area,849087.4648,4534.761042
1691,1,1691,532800,5328,2ND SUP. DISTRICT,2ND DISTRICT: HOLLY MITCHELL,2,,FLORENCE - FIRESTONE,UNINCORPORATED AREA,9,Metro Planning Area,803507.9492,3694.545353
1692,1,1692,532900,5329,2ND SUP. DISTRICT,2ND DISTRICT: HOLLY MITCHELL,2,,FLORENCE - FIRESTONE,UNINCORPORATED AREA,9,Metro Planning Area,1118499.84,4390.998811
1693,1,1693,533001,5330.01,2ND SUP. DISTRICT,2ND DISTRICT: HOLLY MITCHELL,2,,FLORENCE - FIRESTONE,UNINCORPORATED AREA,9,Metro Planning Area,696431.082,4069.850495
1694,2,1694,533002,5330.02,2ND SUP. DISTRICT,2ND DISTRICT: HOLLY MITCHELL,2,,FLORENCE - FIRESTONE,UNINCORPORATED AREA,9,Metro Planning Area,419528.5078,2788.161986
1738,2,1738,534900,5349,2ND SUP. DISTRICT,2ND DISTRICT: HOLLY MITCHELL,2,,FLORENCE - FIRESTONE,UNINCORPORATED AREA,9,Metro Planning Area,1527852.762,5499.801641
1739,1,1739,535001,5350.01,2ND SUP. DISTRICT,2ND DISTRICT: HOLLY MITCHELL,2,,FLORENCE - FIRESTONE,UNINCORPORATED AREA,9,Metro Planning Area,655636.1328,3261.011176
1740,1,1740,535002,5350.02,2ND SUP. DISTRICT,2ND DISTRICT: HOLLY MITCHELL,2,,FLORENCE - FIRESTONE,UNINCORPORATED AREA,9,Metro Planning Area,704424.6484,3432.916212
1741,1,1741,535101,5351.01,2ND SUP. DISTRICT,2ND DISTRICT: HOLLY MITCHELL,2,,FLORENCE - FIRESTONE,UNINCORPORATED AREA,9,Metro Planning Area,1652632.996,6059.377443
1742,1,1742,535102,5351.02,2ND SUP. DISTRICT,2ND DISTRICT: HOLLY MITCHELL,2,,FLORENCE - FIRESTONE,UNINCORPORATED AREA,9,Metro Planning Area,861348.3477,4588.956518
1743,1,1743,535200,5352,2ND SUP. DISTRICT,2ND DISTRICT: HOLLY MITCHELL,2,,FLORENCE - FIRESTONE,UNINCORPORATED AREA,9,Metro Planning Area,1260985.199,6592.654955
1744,2,1744,535300,5353,2ND SUP. DISTRICT,2ND DISTRICT: HOLLY MITCHELL,2,,FLORENCE - FIRESTONE,UNINCORPORATED AREA,9,Metro Planning Area,1574588.953,6174.48952
1745,1,1745,535400,5354,2ND SUP. DISTRICT,2ND DISTRICT: HOLLY MITCHELL,2,,FLORENCE - FIRESTONE,UNINCORPORATED AREA,9,Metro Planning Area,1123493.855,5886.974364
1774,2,1774,540400,5404,2ND SUP. DISTRICT,2ND DISTRICT: HOLLY MITCHELL,2,,WILLOWBROOK,UNINCORPORATED AREA,9,Metro Planning Area,494618.1758,3045.358331
1777,2,1777,540600,5406,2ND SUP. DISTRICT,2ND DISTRICT: HOLLY MITCHELL,2,,WILLOWBROOK,UNINCORPORATED AREA,9,Metro Planning Area,1364580.504,4750.927257
1778,1,1778,540700,5407,2ND SUP. DISTRICT,2ND DISTRICT: HOLLY MITCHELL,2,,WILLOWBROOK,UNINCORPORATED AREA,9,Metro Planning Area,1681742.289,5964.655918
1779,1,1779,540800,5408,2ND SUP. DISTRICT,2ND DISTRICT: HOLLY MITCHELL,2,,W RANCHO DOMINGUEZ - VICTORIA,UNINCORPORATED AREA,9,Metro Planning Area,2904597.918,9722.228993
1780,1,1780,540901,5409.01,2ND SUP. DISTRICT,2ND DISTRICT: HOLLY MITCHELL,2,,W RANCHO DOMINGUEZ - VICTORIA,UNINCORPORATED AREA,9,Metro Planning Area,1694324.566,5821.547544
1781,1,1781,540902,5409.02,2ND SUP. DISTRICT,2ND DISTRICT: HOLLY MITCHELL,2,,W RANCHO DOMINGUEZ - VICTORIA,UNINCORPORATED AREA,9,Metro Planning Area,3662459.496,7645.846131
1782,1,1782,541003,5410.03,2ND SUP. DISTRICT,2ND DISTRICT: HOLLY MITCHELL,2,CARSON,W RANCHO DOMINGUEZ - VICTORIA,INCORPORATED/UNINCORPORATED,9,Metro Planning Area,8798890.23,13531.38742
1783,1,1783,541100,5411,2ND SUP. DISTRICT,2ND DISTRICT: HOLLY MITCHELL,2,,W RANCHO DOMINGUEZ - VICTORIA,UNINCORPORATED AREA,9,Metro Planning Area,1810939.633,5652.259946
1784,1,1784,541200,5412,2ND SUP. DISTRICT,2ND DISTRICT: HOLLY MITCHELL,2,COMPTON,W RANCHO DOMINGUEZ - VICTORIA,INCORPORATED/UNINCORPORATED,9,Metro Planning Area,3083763.352,8489.017555
1785,1,1785,541300,5413,2ND SUP. DISTRICT,2ND DISTRICT: HOLLY MITCHELL,2,COMPTON,,INCORPORATED CITY,9,Metro Planning Area,1973467.715,5993.931635
1786,1,1786,541401,5414.01,2ND SUP. DISTRICT,2ND DISTRICT: HOLLY MITCHELL,2,,WILLOWBROOK,UNINCORPORATED AREA,9,Metro Planning Area,835449.9023,4067.867237
1787,1,1787,541402,5414.02,2ND SUP. DISTRICT,2ND DISTRICT: HOLLY MITCHELL,2,,WILLOWBROOK,UNINCORPORATED AREA,9,Metro Planning Area,503610.6602,3100.771717
1788,1,1788,541500,5415,2ND SUP. DISTRICT,2ND DISTRICT: HOLLY MITCHELL,2,,WILLOWBROOK,UNINCORPORATED AREA,9,Metro Planning Area,1226201.602,4845.079159
1789,2,1789,541603,5416.03,2ND SUP. DISTRICT,2ND DISTRICT: HOLLY MITCHELL,2,COMPTON,,INCORPORATED CITY,9,Metro Planning Area,1829151.492,7585.711151
1790,2,1790,541604,5416.04,2ND SUP. DISTRICT,2ND DISTRICT: HOLLY MITCHELL,2,COMPTON,,INCORPORATED CITY,9,Metro Planning Area,1208018.383,4479.990005
1791,1,1791,541605,5416.05,2ND SUP. DISTRICT,2ND DISTRICT: HOLLY MITCHELL,2,COMPTON,,INCORPORATED CITY,9,Metro Planning Area,1270110.895,5153.474133
1792,1,1792,541606,5416.06,2ND SUP. DISTRICT,2ND DISTRICT: HOLLY MITCHELL,2,COMPTON,,INCORPORATED CITY,9,Metro Planning Area,498434.5742,2993.832268
1796,2,1796,542000,5420,2ND SUP. DISTRICT,2ND DISTRICT: HOLLY MITCHELL,2,COMPTON,EAST RANCHO DOMINGUEZ,INCORPORATED/UNINCORPORATED,9,Metro Planning Area,1417641.316,5127.847215
1797,2,1797,542103,5421.03,2ND SUP. DISTRICT,2ND DISTRICT: HOLLY MITCHELL,2,,EAST RANCHO DOMINGUEZ,UNINCORPORATED AREA,9,Metro Planning Area,831483.125,4181.319946
1798,2,1798,542104,5421.04,2ND SUP. DISTRICT,2ND DISTRICT: HOLLY MITCHELL,2,,EAST RANCHO DOMINGUEZ,UNINCORPORATED AREA,9,Metro Planning Area,844954.7461,4064.715533
1799,1,1799,542105,5421.05,2ND SUP. DISTRICT,2ND DISTRICT: HOLLY MITCHELL,2,COMPTON,EAST RANCHO DOMINGUEZ,INCORPORATED/UNINCORPORATED,9,Metro Planning Area,907184.9141,4425.198146
1800,2,1800,542106,5421.06,2ND SUP. DISTRICT,2ND DISTRICT: HOLLY MITCHELL,2,COMPTON,EAST RANCHO DOMINGUEZ,INCORPORATED/UNINCORPORATED,9,Metro Planning Area,1271863.777,6391.622566
1801,2,1801,542200,5422,2ND SUP. DISTRICT,2ND DISTRICT: HOLLY MITCHELL,2,COMPTON,EAST RANCHO DOMINGUEZ,INCORPORATED/UNINCORPORATED,9,Metro Planning Area,2018015.676,6243.094854
1802,1,1802,542401,5424.01,2ND SUP. DISTRICT,2ND DISTRICT: HOLLY MITCHELL,2,COMPTON,,INCORPORATED CITY,9,Metro Planning Area,1881859.434,5783.777118
1803,2,1803,542402,5424.02,2ND SUP. DISTRICT,2ND DISTRICT: HOLLY MITCHELL,2,COMPTON,,INCORPORATED CITY,9,Metro Planning Area,2423798.766,8444.461398
1804,1,1804,542501,5425.01,2ND SUP. DISTRICT,2ND DISTRICT: HOLLY MITCHELL,2,COMPTON,,INCORPORATED CITY,9,Metro Planning Area,851487.1797,4414.672738
1805,1,1805,542502,5425.02,2ND SUP. DISTRICT,2ND DISTRICT: HOLLY MITCHELL,2,COMPTON,,INCORPORATED CITY,9,Metro Planning Area,1447621.742,5218.654088
1806,1,1806,542601,5426.01,2ND SUP. DISTRICT,2ND DISTRICT: HOLLY MITCHELL,2,COMPTON,,INCORPORATED CITY,9,Metro Planning Area,800463.2695,3873.433998
1807,1,1807,542602,5426.02,2ND SUP. DISTRICT,2ND DISTRICT: HOLLY MITCHELL,2,COMPTON,,INCORPORATED CITY,9,Metro Planning Area,1266981.469,4548.653761
1808,1,1808,542700,5427,2ND SUP. DISTRICT,2ND DISTRICT: HOLLY MITCHELL,2,COMPTON,,INCORPORATED CITY,9,Metro Planning Area,1450297.43,5005.876206
1809,1,1809,542800,5428,2ND SUP. DISTRICT,2ND DISTRICT: HOLLY MITCHELL,2,COMPTON,,INCORPORATED CITY,9,Metro Planning Area,1151270.926,4355.016985
1810,1,1810,542900,5429,2ND SUP. DISTRICT,2ND DISTRICT: HOLLY MITCHELL,2,COMPTON,,INCORPORATED CITY,9,Metro Planning Area,1174400.414,5246.57995
1811,1,1811,543000,5430,2ND SUP. DISTRICT,2ND DISTRICT: HOLLY MITCHELL,2,COMPTON,W RANCHO DOMINGUEZ - VICTORIA,INCORPORATED/UNINCORPORATED,9,Metro Planning Area,1913090.84,5595.459878
1812,1,1812,543100,5431,2ND SUP. DISTRICT,2ND DISTRICT: HOLLY MITCHELL,2,CARSON,,INCORPORATED CITY,9,Metro Planning Area,4204099.867,9425.433587
1813,1,1813,543201,5432.01,2ND SUP. DISTRICT,2ND DISTRICT: HOLLY MITCHELL,2,COMPTON,,INCORPORATED CITY,9,Metro Planning Area,1469910.09,4910.926194
1814,1,1814,543203,5432.03,2ND SUP. DISTRICT,2ND DISTRICT: HOLLY MITCHELL,2,COMPTON,,INCORPORATED CITY,9,Metro Planning Area,5388864.898,12555.9514
1815,1,1815,543304,5433.04,2ND SUP. DISTRICT,2ND DISTRICT: HOLLY MITCHELL,2,CARSON,,INCORPORATED CITY,10,South Bay Planning Area,2340585.176,6138.212363
1816,2,1816,543305,5433.05,2ND SUP. DISTRICT,2ND DISTRICT: HOLLY MITCHELL,2,,RANCHO DOMINGUEZ,UNINCORPORATED AREA,9,Gateway Planning Area,12193240.53,14073.44634
1817,1,1817,543306,5433.06,2ND SUP. DISTRICT,2ND DISTRICT: HOLLY MITCHELL,2,CARSON,,INCORPORATED CITY,11,South Bay Planning Area,5185460.465,10490.8334
1818,1,1818,543321,5433.21,2ND SUP. DISTRICT,2ND DISTRICT: HOLLY MITCHELL,2,CARSON,,INCORPORATED CITY,9,South Bay Planning Area,6185285.996,11065.4086
1819,1,1819,543322,5433.22,2ND SUP. DISTRICT,2ND DISTRICT: HOLLY MITCHELL,2,CARSON,,INCORPORATED CITY,11,South Bay Planning Area,2855095.965,6736.075223
1820,1,1820,543400,5434,2ND SUP. DISTRICT,2ND DISTRICT: HOLLY MITCHELL,2,CARSON,,INCORPORATED CITY,11,South Bay Planning Area,4517923.227,9950.606689
1821,1,1821,543501,5435.01,2ND SUP. DISTRICT,2ND DISTRICT: HOLLY MITCHELL,2,CARSON,WEST CARSON,INCORPORATED/UNINCORPORATED,11,South Bay Planning Area,3875842.742,12756.71186
1822,1,1822,543502,5435.02,2ND SUP. DISTRICT,2ND DISTRICT: HOLLY MITCHELL,2,,WEST CARSON,UNINCORPORATED AREA,11,South Bay Planning Area,1630070.094,5811.897908
1823,1,1823,543503,5435.03,2ND SUP. DISTRICT,2ND DISTRICT: HOLLY MITCHELL,2,,WEST CARSON,UNINCORPORATED AREA,11,South Bay Planning Area,2434637.676,7412.220162
1824,1,1824,543601,5436.01,2ND SUP. DISTRICT,2ND DISTRICT: HOLLY MITCHELL,2,CARSON,,INCORPORATED CITY,11,South Bay Planning Area,943911.1211,4004.257215
1825,2,1825,543603,5436.03,2ND SUP. DISTRICT,2ND DISTRICT: HOLLY MITCHELL,2,,WEST CARSON,UNINCORPORATED AREA,11,South Bay Planning Area,2146337.895,6445.149749
1826,2,1826,543605,5436.05,2ND SUP. DISTRICT,2ND DISTRICT: HOLLY MITCHELL,2,,WEST CARSON,UNINCORPORATED AREA,11,South Bay Planning Area,1389061.313,4849.710698
1827,1,1827,543606,5436.06,2ND SUP. DISTRICT,2ND DISTRICT: HOLLY MITCHELL,2,,WEST CARSON,UNINCORPORATED AREA,11,South Bay Planning Area,973208.2344,4132.649336
1828,1,1828,543607,5436.07,2ND SUP. DISTRICT,2ND DISTRICT: HOLLY MITCHELL,2,CARSON,,INCORPORATED CITY,11,South Bay Planning Area,1923859.152,5495.759129
1829,1,1829,543701,5437.01,2ND SUP. DISTRICT,2ND DISTRICT: HOLLY MITCHELL,2,CARSON,,INCORPORATED CITY,11,South Bay Planning Area,923084.9688,4100.043095
1830,2,1830,543703,5437.03,2ND SUP. DISTRICT,2ND DISTRICT: HOLLY MITCHELL,2,CARSON,,INCORPORATED CITY,11,South Bay Planning Area,1505222,4987.540725
1831,1,1831,543704,5437.04,2ND SUP. DISTRICT,2ND DISTRICT: HOLLY MITCHELL,2,CARSON,,INCORPORATED CITY,11,South Bay Planning Area,972008.8633,5678.596854
1832,1,1832,543705,5437.05,2ND SUP. DISTRICT,2ND DISTRICT: HOLLY MITCHELL,2,CARSON,,INCORPORATED CITY,11,South Bay Planning Area,938505.5547,4012.908478
1833,1,1833,543801,5438.01,2ND SUP. DISTRICT,2ND DISTRICT: HOLLY MITCHELL,2,CARSON,,INCORPORATED CITY,11,South Bay Planning Area,3202769.566,8262.192083
1834,1,1834,543803,5438.03,2ND SUP. DISTRICT,2ND DISTRICT: HOLLY MITCHELL,2,CARSON,,INCORPORATED CITY,11,South Bay Planning Area,1097906.512,5714.9403
1835,1,1835,543804,5438.04,2ND SUP. DISTRICT,2ND DISTRICT: HOLLY MITCHELL,2,CARSON,,INCORPORATED CITY,11,South Bay Planning Area,872075.9609,4735.356548
1836,1,1836,543903,5439.03,2ND SUP. DISTRICT,2ND DISTRICT: HOLLY MITCHELL,2,CARSON,,INCORPORATED CITY,11,South Bay Planning Area,1970803.707,7913.237542
1837,2,1837,543905,5439.05,2ND SUP. DISTRICT,2ND DISTRICT: HOLLY MITCHELL,2,CARSON,,INCORPORATED CITY,11,South Bay Planning Area,3985397.426,8911.958796
1838,2,1838,544001,5440.01,2ND SUP. DISTRICT,2ND DISTRICT: HOLLY MITCHELL,2,CARSON,,INCORPORATED CITY,10,South Bay Planning Area,2721761.555,7232.263562
2062,1,2062,600100,6001,2ND SUP. DISTRICT,2ND DISTRICT: HOLLY MITCHELL,2,,W ATHENS - WESTMONT,UNINCORPORATED AREA,9,Metro Planning Area,1103885.477,4547.260873
2063,1,2063,600201,6002.01,2ND SUP. DISTRICT,2ND DISTRICT: HOLLY MITCHELL,2,,W ATHENS - WESTMONT,UNINCORPORATED AREA,9,Metro Planning Area,853303.1836,4202.341721
2064,1,2064,600202,6002.02,2ND SUP. DISTRICT,2ND DISTRICT: HOLLY MITCHELL,2,,W ATHENS - WESTMONT,UNINCORPORATED AREA,9,Metro Planning Area,1207821.504,5357.649211
2065,1,2065,600302,6003.02,2ND SUP. DISTRICT,2ND DISTRICT: HOLLY MITCHELL,2,,W ATHENS - WESTMONT,UNINCORPORATED AREA,9,Metro Planning Area,1193476.035,4406.511145
2066,1,2066,600303,6003.03,2ND SUP. DISTRICT,2ND DISTRICT: HOLLY MITCHELL,2,,W ATHENS - WESTMONT,UNINCORPORATED AREA,9,Metro Planning Area,530931.5977,3356.254649
2067,1,2067,600304,6003.04,2ND SUP. DISTRICT,2ND DISTRICT: HOLLY MITCHELL,2,,W ATHENS - WESTMONT,UNINCORPORATED AREA,9,Metro Planning Area,649223.8828,3557.12161
2068,1,2068,600400,6004,2ND SUP. DISTRICT,2ND DISTRICT: HOLLY MITCHELL,2,,W ATHENS - WESTMONT,UNINCORPORATED AREA,9,Metro Planning Area,1430112.422,5892.771827
2069,1,2069,600501,6005.01,2ND SUP. DISTRICT,2ND DISTRICT: HOLLY MITCHELL,2,INGLEWOOD,,INCORPORATED CITY,9,South Bay Planning Area,956980.0938,3944.192637
2070,1,2070,600601,6006.01,2ND SUP. DISTRICT,2ND DISTRICT: HOLLY MITCHELL,2,INGLEWOOD,,INCORPORATED CITY,9,South Bay Planning Area,942220.1797,3878.255975
2071,1,2071,600602,6006.02,2ND SUP. DISTRICT,2ND DISTRICT: HOLLY MITCHELL,2,INGLEWOOD,,INCORPORATED CITY,11,South Bay Planning Area,1005493.184,3995.913673
2072,1,2072,600702,6007.02,2ND SUP. DISTRICT,2ND DISTRICT: HOLLY MITCHELL,2,INGLEWOOD,,INCORPORATED CITY,9,South Bay Planning Area,3541140.129,8886.79282
2073,1,2073,600703,6007.03,2ND SUP. DISTRICT,2ND DISTRICT: HOLLY MITCHELL,2,INGLEWOOD,,INCORPORATED CITY,11,South Bay Planning Area,757961.0156,4001.121488
2074,1,2074,600704,6007.04,2ND SUP. DISTRICT,2ND DISTRICT: HOLLY MITCHELL,2,INGLEWOOD,,INCORPORATED CITY,9,South Bay Planning Area,1404756.465,4854.838612
2075,1,2075,600801,6008.01,2ND SUP. DISTRICT,2ND DISTRICT: HOLLY MITCHELL,2,INGLEWOOD,,INCORPORATED CITY,9,South Bay Planning Area,1415250.293,4913.51201
2076,1,2076,600802,6008.02,2ND SUP. DISTRICT,2ND DISTRICT: HOLLY MITCHELL,2,INGLEWOOD,,INCORPORATED CITY,9,South Bay Planning Area,2832531.496,7492.910259
2077,1,2077,600902,6009.02,2ND SUP. DISTRICT,2ND DISTRICT: HOLLY MITCHELL,2,INGLEWOOD,,INCORPORATED CITY,11,South Bay Planning Area,1166781.961,4940.139862
2078,1,2078,600911,6009.11,2ND SUP. DISTRICT,2ND DISTRICT: HOLLY MITCHELL,2,INGLEWOOD,,INCORPORATED CITY,9,South Bay Planning Area,995911.9141,4191.733654
2079,1,2079,600912,6009.12,2ND SUP. DISTRICT,2ND DISTRICT: HOLLY MITCHELL,2,INGLEWOOD,,INCORPORATED CITY,9,South Bay Planning Area,1586086.539,5710.485879
2080,1,2080,601001,6010.01,2ND SUP. DISTRICT,2ND DISTRICT: HOLLY MITCHELL,2,INGLEWOOD,,INCORPORATED CITY,11,South Bay Planning Area,1288395.207,5251.373606
2081,1,2081,601002,6010.02,2ND SUP. DISTRICT,2ND DISTRICT: HOLLY MITCHELL,2,INGLEWOOD,,INCORPORATED CITY,11,South Bay Planning Area,922748.1641,4131.221371
2082,1,2082,601100,6011,2ND SUP. DISTRICT,2ND DISTRICT: HOLLY MITCHELL,2,INGLEWOOD,,INCORPORATED CITY,11,South Bay Planning Area,933262.4375,3866.950872
2083,1,2083,601202,6012.02,2ND SUP. DISTRICT,2ND DISTRICT: HOLLY MITCHELL,2,INGLEWOOD,,INCORPORATED CITY,11,South Bay Planning Area,953211.8086,3929.769059
2084,1,2084,601211,6012.11,2ND SUP. DISTRICT,2ND DISTRICT: HOLLY MITCHELL,2,INGLEWOOD,,INCORPORATED CITY,11,South Bay Planning Area,844976.0078,3753.111945
2085,1,2085,601212,6012.12,2ND SUP. DISTRICT,2ND DISTRICT: HOLLY MITCHELL,2,INGLEWOOD,,INCORPORATED CITY,11,South Bay Planning Area,852525.3203,3724.298733
2086,1,2086,601301,6013.01,2ND SUP. DISTRICT,2ND DISTRICT: HOLLY MITCHELL,2,INGLEWOOD,,INCORPORATED CITY,11,South Bay Planning Area,895848.8398,4071.808996
2087,1,2087,601302,6013.02,2ND SUP. DISTRICT,2ND DISTRICT: HOLLY MITCHELL,2,INGLEWOOD,,INCORPORATED CITY,5,South Bay Planning Area,1777774.195,7237.181309
2088,1,2088,601303,6013.03,2ND SUP. DISTRICT,2ND DISTRICT: HOLLY MITCHELL,2,INGLEWOOD,,INCORPORATED CITY,11,South Bay Planning Area,639154.2539,3274.526135
2089,1,2089,601401,6014.01,2ND SUP. DISTRICT,2ND DISTRICT: HOLLY MITCHELL,2,INGLEWOOD,,INCORPORATED CITY,5,South Bay Planning Area,2292398.145,6727.657292
2090,1,2090,601402,6014.02,2ND SUP. DISTRICT,2ND DISTRICT: HOLLY MITCHELL,2,INGLEWOOD,,INCORPORATED CITY,11,South Bay Planning Area,1432651.41,4882.748527
2091,1,2091,601501,6015.01,2ND SUP. DISTRICT,2ND DISTRICT: HOLLY MITCHELL,2,,LENNOX,UNINCORPORATED AREA,11,South Bay Planning Area,689213.4141,3874.866157
2092,1,2092,601502,6015.02,2ND SUP. DISTRICT,2ND DISTRICT: HOLLY MITCHELL,2,,LENNOX,UNINCORPORATED AREA,5,South Bay Planning Area,714900.2109,4232.045567
2093,1,2093,601600,6016,2ND SUP. DISTRICT,2ND DISTRICT: HOLLY MITCHELL,2,,LENNOX,UNINCORPORATED AREA,5,South Bay Planning Area,1328909.977,4730.131231
2094,1,2094,601700,6017,2ND SUP. DISTRICT,2ND DISTRICT: HOLLY MITCHELL,2,,LENNOX,UNINCORPORATED AREA,11,South Bay Planning Area,1104051.656,4649.671453
2095,1,2095,601801,6018.01,2ND SUP. DISTRICT,2ND DISTRICT: HOLLY MITCHELL,2,INGLEWOOD,LENNOX,INCORPORATED/UNINCORPORATED,11,South Bay Planning Area,709019.1367,3876.019104
2096,1,2096,601802,6018.02,2ND SUP. DISTRICT,2ND DISTRICT: HOLLY MITCHELL,2,,LENNOX,UNINCORPORATED AREA,11,South Bay Planning Area,705142.2422,3881.144656
2097,1,2097,601900,6019,2ND SUP. DISTRICT,2ND DISTRICT: HOLLY MITCHELL,2,INGLEWOOD,,INCORPORATED CITY,11,South Bay Planning Area,1014788.988,4059.435415
2098,1,2098,602002,6020.02,2ND SUP. DISTRICT,2ND DISTRICT: HOLLY MITCHELL,2,HAWTHORNE,,INCORPORATED CITY,11,South Bay Planning Area,779715.8281,3962.922727
2099,1,2099,602003,6020.03,2ND SUP. DISTRICT,2ND DISTRICT: HOLLY MITCHELL,2,INGLEWOOD,,INCORPORATED CITY,11,South Bay Planning Area,910449.9023,3802.016613
2100,1,2100,602103,6021.03,2ND SUP. DISTRICT,2ND DISTRICT: HOLLY MITCHELL,2,HAWTHORNE,,INCORPORATED CITY,11,South Bay Planning Area,1217243.375,4392.583102
2101,1,2101,602104,6021.04,2ND SUP. DISTRICT,2ND DISTRICT: HOLLY MITCHELL,2,HAWTHORNE,,INCORPORATED CITY,11,South Bay Planning Area,1083065.242,4266.303568
2102,1,2102,602105,6021.05,2ND SUP. DISTRICT,2ND DISTRICT: HOLLY MITCHELL,2,HAWTHORNE,,INCORPORATED CITY,11,South Bay Planning Area,929766.6758,3848.222563
2103,1,2103,602106,6021.06,2ND SUP. DISTRICT,2ND DISTRICT: HOLLY MITCHELL,2,HAWTHORNE,,INCORPORATED CITY,11,South Bay Planning Area,1193682.176,4880.397585
2104,1,2104,602201,6022.01,2ND SUP. DISTRICT,2ND DISTRICT: HOLLY MITCHELL,2,,DEL AIRE,UNINCORPORATED AREA,5,South Bay Planning Area,2351310.383,7353.068745
2105,1,2105,602202,6022.02,2ND SUP. DISTRICT,2ND DISTRICT: HOLLY MITCHELL,2,HAWTHORNE,,INCORPORATED CITY,5,South Bay Planning Area,721940.8203,3650.482012
2106,1,2106,602301,6023.01,2ND SUP. DISTRICT,2ND DISTRICT: HOLLY MITCHELL,2,,DEL AIRE,UNINCORPORATED AREA,11,South Bay Planning Area,2600010.746,7116.098933
2107,1,2107,602302,6023.02,2ND SUP. DISTRICT,2ND DISTRICT: HOLLY MITCHELL,2,HAWTHORNE,,INCORPORATED CITY,11,South Bay Planning Area,2834489.859,8394.416079
2108,1,2108,602402,6024.02,2ND SUP. DISTRICT,2ND DISTRICT: HOLLY MITCHELL,2,HAWTHORNE,,INCORPORATED CITY,11,South Bay Planning Area,1922665.145,6440.774613
2109,1,2109,602403,6024.03,2ND SUP. DISTRICT,2ND DISTRICT: HOLLY MITCHELL,2,HAWTHORNE,,INCORPORATED CITY,11,South Bay Planning Area,852645.832,3699.86596
2110,1,2110,602404,6024.04,2ND SUP. DISTRICT,2ND DISTRICT: HOLLY MITCHELL,2,HAWTHORNE,,INCORPORATED CITY,11,South Bay Planning Area,939891.707,4162.387185
2111,1,2111,602504,6025.04,2ND SUP. DISTRICT,2ND DISTRICT: HOLLY MITCHELL,2,HAWTHORNE,,INCORPORATED CITY,11,South Bay Planning Area,467848.8086,2909.222381
2112,1,2112,602505,6025.05,2ND SUP. DISTRICT,2ND DISTRICT: HOLLY MITCHELL,2,HAWTHORNE,,INCORPORATED CITY,11,South Bay Planning Area,470967.4336,2912.310352
2113,1,2113,602506,6025.06,2ND SUP. DISTRICT,2ND DISTRICT: HOLLY MITCHELL,2,HAWTHORNE,,INCORPORATED CITY,11,South Bay Planning Area,472551.1328,2902.156397
2114,1,2114,602507,6025.07,2ND SUP. DISTRICT,2ND DISTRICT: HOLLY MITCHELL,2,HAWTHORNE,,INCORPORATED CITY,11,South Bay Planning Area,469543.6836,2907.270995
2115,1,2115,602510,6025.1,2ND SUP. DISTRICT,2ND DISTRICT: HOLLY MITCHELL,2,HAWTHORNE,,INCORPORATED CITY,11,South Bay Planning Area,472488.6211,2920.276881
2116,1,2116,602511,6025.11,2ND SUP. DISTRICT,2ND DISTRICT: HOLLY MITCHELL,2,HAWTHORNE,,INCORPORATED CITY,11,South Bay Planning Area,497490.6602,3176.958389
2117,1,2117,602512,6025.12,2ND SUP. DISTRICT,2ND DISTRICT: HOLLY MITCHELL,2,,HAWTHORNE ISLAND,UNINCORPORATED AREA,11,South Bay Planning Area,439086.5313,2903.976273
2118,1,2118,602513,6025.13,2ND SUP. DISTRICT,2ND DISTRICT: HOLLY MITCHELL,2,HAWTHORNE,,INCORPORATED CITY,11,South Bay Planning Area,2619384.195,7815.138772
2119,1,2119,602601,6026.01,2ND SUP. DISTRICT,2ND DISTRICT: HOLLY MITCHELL,2,GARDENA,,INCORPORATED CITY,9,South Bay Planning Area,1889824.445,5836.530316
2120,1,2120,602602,6026.02,2ND SUP. DISTRICT,2ND DISTRICT: HOLLY MITCHELL,2,GARDENA,,INCORPORATED CITY,11,South Bay Planning Area,944421.6289,3886.044794
2121,1,2121,602700,6027,2ND SUP. DISTRICT,2ND DISTRICT: HOLLY MITCHELL,2,HAWTHORNE,W ATHENS - WESTMONT,INCORPORATED/UNINCORPORATED,9,Metro Planning Area,3615407.688,7924.087017
2122,1,2122,602801,6028.01,2ND SUP. DISTRICT,2ND DISTRICT: HOLLY MITCHELL,2,,W ATHENS - WESTMONT,UNINCORPORATED AREA,9,Metro Planning Area,1825647.672,5796.033191
2123,1,2123,602802,6028.02,2ND SUP. DISTRICT,2ND DISTRICT: HOLLY MITCHELL,2,,W ATHENS - WESTMONT,UNINCORPORATED AREA,9,Metro Planning Area,1944090.438,5893.334046
2124,1,2124,602900,6029,2ND SUP. DISTRICT,2ND DISTRICT: HOLLY MITCHELL,2,GARDENA,,INCORPORATED CITY,9,South Bay Planning Area,4072686.813,10022.81748
2125,1,2125,603004,6030.04,2ND SUP. DISTRICT,2ND DISTRICT: HOLLY MITCHELL,2,GARDENA,,INCORPORATED CITY,11,South Bay Planning Area,328214.5977,3020.328453
2126,1,2126,603005,6030.05,2ND SUP. DISTRICT,2ND DISTRICT: HOLLY MITCHELL,2,GARDENA,,INCORPORATED CITY,11,South Bay Planning Area,946939.6094,3892.160632
2127,1,2127,603006,6030.06,2ND SUP. DISTRICT,2ND DISTRICT: HOLLY MITCHELL,2,GARDENA,,INCORPORATED CITY,11,South Bay Planning Area,1000320.59,4029.903557
2128,1,2128,603007,6030.07,2ND SUP. DISTRICT,2ND DISTRICT: HOLLY MITCHELL,2,GARDENA,,INCORPORATED CITY,11,South Bay Planning Area,975463.1523,5264.750414
2129,1,2129,603008,6030.08,2ND SUP. DISTRICT,2ND DISTRICT: HOLLY MITCHELL,2,GARDENA,,INCORPORATED CITY,11,South Bay Planning Area,681283.582,3979.715573
2130,1,2130,603101,6031.01,2ND SUP. DISTRICT,2ND DISTRICT: HOLLY MITCHELL,2,GARDENA,,INCORPORATED CITY,11,South Bay Planning Area,1282486.672,4653.768221
2131,1,2131,603102,6031.02,2ND SUP. DISTRICT,2ND DISTRICT: HOLLY MITCHELL,2,GARDENA,,INCORPORATED CITY,11,South Bay Planning Area,1084677.5,4181.469023
2132,2,2132,603200,6032,2ND SUP. DISTRICT,2ND DISTRICT: HOLLY MITCHELL,2,GARDENA,,INCORPORATED CITY,11,South Bay Planning Area,1656465.977,8059.635877
2133,2,2133,603301,6033.01,2ND SUP. DISTRICT,2ND DISTRICT: HOLLY MITCHELL,2,GARDENA,,INCORPORATED CITY,11,South Bay Planning Area,1417981.746,5203.984728
2134,2,2134,603302,6033.02,2ND SUP. DISTRICT,2ND DISTRICT: HOLLY MITCHELL,2,GARDENA,,INCORPORATED CITY,11,South Bay Planning Area,1650938.367,5613.472918
2135,2,2135,603400,6034,2ND SUP. DISTRICT,2ND DISTRICT: HOLLY MITCHELL,2,GARDENA,,INCORPORATED CITY,11,South Bay Planning Area,1650478.285,5739.454698
2136,1,2136,603500,6035,2ND SUP. DISTRICT,2ND DISTRICT: HOLLY MITCHELL,2,GARDENA,,INCORPORATED CITY,11,South Bay Planning Area,1157749.918,4808.964604
2137,2,2137,603600,6036,2ND SUP. DISTRICT,2ND DISTRICT: HOLLY MITCHELL,2,GARDENA,,INCORPORATED CITY,11,South Bay Planning Area,1363974.34,4817.839229
2138,2,2138,603702,6037.02,2ND SUP. DISTRICT,2ND DISTRICT: HOLLY MITCHELL,2,,ALONDRA PARK,UNINCORPORATED AREA,11,South Bay Planning Area,3794005.559,8044.135321
2139,1,2139,603703,6037.03,2ND SUP. DISTRICT,2ND DISTRICT: HOLLY MITCHELL,2,HAWTHORNE,,INCORPORATED CITY,11,South Bay Planning Area,948717.4531,3999.067594
2140,1,2140,603705,6037.05,2ND SUP. DISTRICT,2ND DISTRICT: HOLLY MITCHELL,2,HAWTHORNE,,INCORPORATED CITY,11,South Bay Planning Area,394234.2305,2828.392118
2141,1,2141,603706,6037.06,2ND SUP. DISTRICT,2ND DISTRICT: HOLLY MITCHELL,2,,ALONDRA PARK,UNINCORPORATED AREA,11,South Bay Planning Area,544207.4336,3763.68744
2142,1,2142,603801,6038.01,2ND SUP. DISTRICT,2ND DISTRICT: HOLLY MITCHELL,2,LAWNDALE,,INCORPORATED CITY,11,South Bay Planning Area,970060.5156,3987.035449
2143,1,2143,603802,6038.02,2ND SUP. DISTRICT,2ND DISTRICT: HOLLY MITCHELL,2,LAWNDALE,,INCORPORATED CITY,11,South Bay Planning Area,917805.5156,3867.382196
2144,1,2144,603901,6039.01,2ND SUP. DISTRICT,2ND DISTRICT: HOLLY MITCHELL,2,LAWNDALE,,INCORPORATED CITY,11,South Bay Planning Area,1070531.469,5781.87455
2145,1,2145,603902,6039.02,2ND SUP. DISTRICT,2ND DISTRICT: HOLLY MITCHELL,2,LAWNDALE,,INCORPORATED CITY,11,South Bay Planning Area,1093191.031,4428.495882
2146,1,2146,604001,6040.01,2ND SUP. DISTRICT,2ND DISTRICT: HOLLY MITCHELL,2,LAWNDALE,,INCORPORATED CITY,11,South Bay Planning Area,958678.6797,3930.794425
2147,1,2147,604002,6040.02,2ND SUP. DISTRICT,2ND DISTRICT: HOLLY MITCHELL,2,LAWNDALE,,INCORPORATED CITY,11,South Bay Planning Area,946381.3984,3809.055311
2148,1,2148,604101,6041.01,2ND SUP. DISTRICT,2ND DISTRICT: HOLLY MITCHELL,2,LAWNDALE,,INCORPORATED CITY,11,South Bay Planning Area,698659.6172,3536.644143
2149,2,2149,604102,6041.02,2ND SUP. DISTRICT,2ND DISTRICT: HOLLY MITCHELL,2,LAWNDALE,,INCORPORATED CITY,11,South Bay Planning Area,775934.2422,4452.48523
2150,1,2150,604200,6042,2ND SUP. DISTRICT,2ND DISTRICT: HOLLY MITCHELL,2,INGLEWOOD,,INCORPORATED CITY,11,South Bay Planning Area,1831388.41,6581.13069
2152,1,2152,620001,6200.01,2ND SUP. DISTRICT,2ND DISTRICT: HOLLY MITCHELL,2,EL SEGUNDO,,INCORPORATED CITY,5,South Bay Planning Area,1723382.973,5408.605011
2153,1,2153,620002,6200.02,2ND SUP. DISTRICT,2ND DISTRICT: HOLLY MITCHELL,2,EL SEGUNDO,,INCORPORATED CITY,11,South Bay Planning Area,1724900.574,5815.807991
2154,1,2154,620101,6201.01,2ND SUP. DISTRICT,2ND DISTRICT: HOLLY MITCHELL,2,EL SEGUNDO,,INCORPORATED CITY,5,South Bay Planning Area,1972749.738,5934.329751
2155,1,2155,620102,6201.02,2ND SUP. DISTRICT,2ND DISTRICT: HOLLY MITCHELL,2,EL SEGUNDO,,INCORPORATED CITY,5,South Bay Planning Area,1269443.465,5884.15788
2156,1,2156,620201,6202.01,2ND SUP. DISTRICT,2ND DISTRICT: HOLLY MITCHELL,2,MANHATTAN BEACH,,INCORPORATED CITY,11,South Bay Planning Area,600748.375,4009.28382
2157,1,2157,620301,6203.01,2ND SUP. DISTRICT,2ND DISTRICT: HOLLY MITCHELL,2,MANHATTAN BEACH,,INCORPORATED CITY,11,South Bay Planning Area,1511474.523,5224.842193
2158,1,2158,620303,6203.03,2ND SUP. DISTRICT,2ND DISTRICT: HOLLY MITCHELL,2,MANHATTAN BEACH,,INCORPORATED CITY,11,South Bay Planning Area,1684998.633,5862.125327
2159,1,2159,620305,6203.05,2ND SUP. DISTRICT,2ND DISTRICT: HOLLY MITCHELL,2,MANHATTAN BEACH,,INCORPORATED CITY,11,South Bay Planning Area,3696803.273,8707.132891
2160,1,2160,620400,6204,2ND SUP. DISTRICT,2ND DISTRICT: HOLLY MITCHELL,2,MANHATTAN BEACH,,INCORPORATED CITY,11,South Bay Planning Area,3751235.941,7763.557221
2161,1,2161,620501,6205.01,2ND SUP. DISTRICT,2ND DISTRICT: HOLLY MITCHELL,2,REDONDO BEACH,,INCORPORATED CITY,11,South Bay Planning Area,3768516.906,7776.756113
2162,1,2162,620521,6205.21,2ND SUP. DISTRICT,2ND DISTRICT: HOLLY MITCHELL,2,REDONDO BEACH,,INCORPORATED CITY,11,South Bay Planning Area,936981.2813,3871.009382
2163,1,2163,620522,6205.22,2ND SUP. DISTRICT,2ND DISTRICT: HOLLY MITCHELL,2,REDONDO BEACH,,INCORPORATED CITY,11,South Bay Planning Area,1088456.543,4173.814954
2164,2,2164,620601,6206.01,2ND SUP. DISTRICT,2ND DISTRICT: HOLLY MITCHELL,2,REDONDO BEACH,,INCORPORATED CITY,11,South Bay Planning Area,1986006.828,7303.101041
2165,2,2165,620602,6206.02,2ND SUP. DISTRICT,2ND DISTRICT: HOLLY MITCHELL,2,REDONDO BEACH,,INCORPORATED CITY,11,South Bay Planning Area,1961028.168,6895.046266
2166,1,2166,620701,6207.01,2ND SUP. DISTRICT,2ND DISTRICT: HOLLY MITCHELL,2,REDONDO BEACH,,INCORPORATED CITY,11,South Bay Planning Area,1481962.273,5590.056346
2167,1,2167,620703,6207.03,2ND SUP. DISTRICT,2ND DISTRICT: HOLLY MITCHELL,2,REDONDO BEACH,,INCORPORATED CITY,11,South Bay Planning Area,839568.9375,4152.439135
2168,2,2168,620704,6207.04,2ND SUP. DISTRICT,2ND DISTRICT: HOLLY MITCHELL,2,REDONDO BEACH,,INCORPORATED CITY,11,South Bay Planning Area,1086733.512,4963.058469
2169,1,2169,620801,6208.01,2ND SUP. DISTRICT,2ND DISTRICT: HOLLY MITCHELL,2,MANHATTAN BEACH,,INCORPORATED CITY,11,South Bay Planning Area,1736439.828,5832.022872
2170,1,2170,620802,6208.02,2ND SUP. DISTRICT,2ND DISTRICT: HOLLY MITCHELL,2,MANHATTAN BEACH,,INCORPORATED CITY,11,South Bay Planning Area,1871342.039,5808.750524
2171,1,2171,620901,6209.01,2ND SUP. DISTRICT,2ND DISTRICT: HOLLY MITCHELL,2,MANHATTAN BEACH,,INCORPORATED CITY,11,South Bay Planning Area,1270518.398,4743.745707
2172,1,2172,620904,6209.04,2ND SUP. DISTRICT,2ND DISTRICT: HOLLY MITCHELL,2,MANHATTAN BEACH,,INCORPORATED CITY,11,South Bay Planning Area,1439588.996,5250.095822
2173,1,2173,621001,6210.01,2ND SUP. DISTRICT,2ND DISTRICT: HOLLY MITCHELL,2,HERMOSA BEACH,,INCORPORATED CITY,11,South Bay Planning Area,1384197.039,5919.736129
2174,1,2174,621005,6210.05,2ND SUP. DISTRICT,2ND DISTRICT: HOLLY MITCHELL,2,HERMOSA BEACH,,INCORPORATED CITY,11,South Bay Planning Area,3044548.234,7175.47975
2175,1,2175,621102,6211.02,2ND SUP. DISTRICT,2ND DISTRICT: HOLLY MITCHELL,2,HERMOSA BEACH,,INCORPORATED CITY,11,South Bay Planning Area,790629.2227,4007.437852
2176,1,2176,621104,6211.04,2ND SUP. DISTRICT,2ND DISTRICT: HOLLY MITCHELL,2,HERMOSA BEACH,,INCORPORATED CITY,11,South Bay Planning Area,2406496.805,6249.995307
2177,2,2177,621201,6212.01,2ND SUP. DISTRICT,2ND DISTRICT: HOLLY MITCHELL,2,REDONDO BEACH,,INCORPORATED CITY,11,South Bay Planning Area,2384234.188,6406.134942
2178,1,2178,621204,6212.04,2ND SUP. DISTRICT,2ND DISTRICT: HOLLY MITCHELL,2,REDONDO BEACH,,INCORPORATED CITY,11,South Bay Planning Area,3156915.52,7343.550176
2179,2,2179,621301,6213.01,2ND SUP. DISTRICT,2ND DISTRICT: HOLLY MITCHELL,2,REDONDO BEACH,,INCORPORATED CITY,11,South Bay Planning Area,2270987.074,6390.458689
2180,1,2180,621324,6213.24,2ND SUP. DISTRICT,2ND DISTRICT: HOLLY MITCHELL,2,REDONDO BEACH,,INCORPORATED CITY,11,South Bay Planning Area,1999899.281,6404.459387
2181,2,2181,621326,6213.26,2ND SUP. DISTRICT,2ND DISTRICT: HOLLY MITCHELL,2,REDONDO BEACH,,INCORPORATED CITY,11,South Bay Planning Area,2474795.277,6541.845926
2182,2,2182,621400,6214,2ND SUP. DISTRICT,2ND DISTRICT: HOLLY MITCHELL,2,REDONDO BEACH,,INCORPORATED CITY,11,South Bay Planning Area,1859826.895,5940.192903
2271,2,2271,702400,7024,2ND SUP. DISTRICT,2ND DISTRICT: HOLLY MITCHELL,2,CULVER CITY,,INCORPORATED CITY,5,Westside Planning Area,2917159.996,8912.870359
2272,2,2272,702501,7025.01,2ND SUP. DISTRICT,2ND DISTRICT: HOLLY MITCHELL,2,CULVER CITY,,INCORPORATED CITY,5,Westside Planning Area,1960855.41,5939.839734
2273,1,2273,702502,7025.02,2ND SUP. DISTRICT,2ND DISTRICT: HOLLY MITCHELL,2,CULVER CITY,,INCORPORATED CITY,5,Westside Planning Area,2650292.895,9475.058612
2274,1,2274,702600,7026,2ND SUP. DISTRICT,2ND DISTRICT: HOLLY MITCHELL,2,CULVER CITY,,INCORPORATED CITY,5,Westside Planning Area,3170458.844,8893.343539
2275,1,2275,702700,7027,2ND SUP. DISTRICT,2ND DISTRICT: HOLLY MITCHELL,2,CULVER CITY,,INCORPORATED CITY,5,Westside Planning Area,1970891.387,6482.606165
2276,2,2276,702801,7028.01,2ND SUP. DISTRICT,2ND DISTRICT: HOLLY MITCHELL,2,CULVER CITY,,INCORPORATED CITY,5,Westside Planning Area,1742333.695,5513.287591
2277,2,2277,702802,7028.02,2ND SUP. DISTRICT,2ND DISTRICT: HOLLY MITCHELL,2,CULVER CITY,,INCORPORATED CITY,5,Westside Planning Area,889949.8438,5689.611281
2278,2,2278,702803,7028.03,2ND SUP. DISTRICT,2ND DISTRICT: HOLLY MITCHELL,2,CULVER CITY,,INCORPORATED CITY,5,Westside Planning Area,1235816.148,10096.86361
2279,2,2279,702900,7029,2ND SUP. DISTRICT,2ND DISTRICT: HOLLY MITCHELL,2,,MARINA DEL REY,UNINCORPORATED AREA,5,Westside Planning Area,5475846.23,9552.767414
2280,1,2280,703002,7030.02,2ND SUP. DISTRICT,2ND DISTRICT: HOLLY MITCHELL,2,,LADERA HEIGHTS / VIEWPARK - WINDSOR HILLS,UNINCORPORATED AREA,5,Westside Planning Area,4778156.117,10255.30201
2281,1,2281,703003,7030.03,2ND SUP. DISTRICT,2ND DISTRICT: HOLLY MITCHELL,2,CULVER CITY,,INCORPORATED CITY,5,Westside Planning Area,2946635.867,9299.515853
2282,1,2282,703100,7031,2ND SUP. DISTRICT,2ND DISTRICT: HOLLY MITCHELL,2,,LADERA HEIGHTS / VIEWPARK - WINDSOR HILLS,UNINCORPORATED AREA,5,Westside Planning Area,3885454.641,9860.745898
2283,1,2283,703200,7032,2ND SUP. DISTRICT,2ND DISTRICT: HOLLY MITCHELL,2,,LADERA HEIGHTS / VIEWPARK - WINDSOR HILLS,UNINCORPORATED AREA,5,Westside Planning Area,3072462.992,8404.136284
2461,2,2461,980002,9800.02,2ND SUP. DISTRICT,2ND DISTRICT: HOLLY MITCHELL,2,CARSON,,INCORPORATED CITY,11,South Bay Planning Area,10140166.57,13919.04244
2472,1,2472,980013,9800.13,2ND SUP. DISTRICT,2ND DISTRICT: HOLLY MITCHELL,2,EL SEGUNDO,,INCORPORATED CITY,5,South Bay Planning Area,7727573.004,12616.39811
2484,1,2484,980025,9800.25,2ND SUP. DISTRICT,2ND DISTRICT: HOLLY MITCHELL,2,CARSON,,INCORPORATED CITY,10,South Bay Planning Area,5660027.121,12364.18085
2486,1,2486,980028,9800.28,2ND SUP. DISTRICT,2ND DISTRICT: HOLLY MITCHELL,2,LOS ANGELES,,INCORPORATED CITY,5,Westside Planning Area,28677191.11,31517.57685
2487,1,2487,980030,9800.3,2ND SUP. DISTRICT,2ND DISTRICT: HOLLY MITCHELL,2,EL SEGUNDO,,INCORPORATED CITY,5,South Bay Planning Area,7606367.664,12791.71201
2493,2,2493,980037,9800.37,2ND SUP. DISTRICT,2ND DISTRICT: HOLLY MITCHELL,2,CARSON,,INCORPORATED CITY,11,South Bay Planning Area,1891289.102,5551.732493
2494,1,2494,980038,9800.38,2ND SUP. DISTRICT,2ND DISTRICT: HOLLY MITCHELL,2,,LADERA HEIGHTS / VIEWPARK - WINDSOR HILLS,UNINCORPORATED AREA,5,Westside Planning Area,6588690.121,15825.16252